SIO2(WT%),TIO2(WT%),AL2O3(WT%),FEOT(WT%),CAO(WT%),MGO(WT%)
65.45735,0.1391,14.0256,2.22,0.4633,0.0
66.06635,0.1116,14.16,2.28,0.5703,0.0146
69.4869,0.0977,14.4672,2.07,0.3407,0.0432
68.96925,0.0989,13.9584,2.53,0.4505,0.0
63.0315,0.1014,14.6784,2.84,0.802,0.0128
64.7773,0.1903,15.312000000000001,2.83,1.0071,0.0808
65.5284,0.1334,14.255999999999998,2.47,0.5897,0.0411
65.55885,0.1337,15.0816,2.64,0.7986,0.0343
63.2142,0.1684,15.2448,2.78,0.7774,0.0459
64.66565,0.1152,14.112,2.46,0.4482,0.0
63.7623,0.1622,15.1872,2.85,0.8818,0.0414
67.09,0.1575,14.16,2.6,0.0,0.3816
66.59,0.0991,13.95,2.17,0.0199,0.3715
65.45,0.1106,14.32,2.31,0.0,0.4077
66.62,0.1464,14.43,2.25,0.0,0.4408
67.25,0.1571,14.5,2.65,0.0,0.4116
59.47,0.4874,17.2,3.76,0.4665,1.76
58.82,0.4358,16.36,3.49,0.3327,1.3357
59.52,0.5979,17.11,3.94,0.6042,2.05
60.98,0.2886,16.39,3.09,0.159,0.9713
59.16,0.4143,18.15,3.37,0.3902,1.44
59.98,0.5473,17.13,3.78,0.5414,1.83
58.62,0.5151,17.18,4.38,0.5367,1.96
60.4,0.3977,16.98,3.3,0.3327,1.3402
61.42,0.4001,17.0,3.43,0.3232,1.3895
58.79,0.6051,16.49,4.14,0.7763,2.13
60.63,0.4502,17.2,3.21,0.3958,1.3725
60.66,0.4489,17.22,3.44,0.3978,1.51
60.06,0.2713,15.54,3.76,1.0672,0.1499
60.43,0.3017,16.42,3.46,1.1763,0.2365
61.1,0.4073,16.38,4.31,1.2589,0.3756
60.73,0.3265,15.91,3.62,1.2388,0.2518
59.44,0.2919,16.56,3.46,1.0721,0.1845
58.64,0.6132,16.56,3.72,1.84,0.6282
60.84,0.3925,16.26,3.55,1.2335,0.2844
60.46,0.3208,15.84,3.77,1.0861,0.1661
60.31,0.3817,16.53,3.01,1.2241,0.3077
61.21,0.3144,16.79,3.64,1.0775,0.2526
59.11,0.4139,16.17,4.02,1.3839,0.3321
59.68,0.3434,16.38,3.32,1.1639,0.2479
61.48,0.2667,16.04,3.66,1.2203,0.1629
63.0139,0.2356,16.0032,3.37,0.981,0.1371
61.6201,0.2099,15.5424,3.71,0.7657,0.0892
62.5998,0.2793,15.9072,3.91,0.9615,0.1334
60.8121,0.4472,16.3392,4.2,1.1931,0.33399999999999996
61.306999999999995,0.2172,15.4656,4.14,0.7629,0.0883
61.8524,0.3787,16.0128,3.52,0.9647,0.2535
64.3774,0.1765,16.4736,2.53,0.9587,0.1178
60.9636,0.2378,16.368,2.69,1.016,0.2596
60.5798,0.4045,16.0128,3.21,1.1443,0.3188
60.3071,0.2537,15.84,3.92,0.8884,0.1321
62.5796,0.2405,15.0816,3.93,0.7489,0.1703
61.97,0.1645,16.16,3.87,0.0044,0.5937
61.11,0.2221,16.57,3.7,0.0841,0.7863
61.46,0.342,17.63,3.13,0.2671,1.038
60.66,0.4102,16.86,3.69,0.3284,1.1396
60.59,0.4366,17.02,3.84,0.2888,1.0986
60.98,0.2716,15.74,4.88,0.0683,0.8404
61.96,0.159,16.15,3.54,0.0,0.64
61.24,0.4429,17.07,3.77,0.3625,1.1849
61.81,0.2955,16.94,3.31,0.1742,0.9966
61.41,0.4216,17.2,3.61,0.2621,1.2696
61.19,0.3979,16.89,3.91,0.2663,1.0344
60.73,0.353,17.05,3.76,0.2453,1.0382
60.73,0.4326,17.13,3.64,0.3072,1.1244
61.45,0.4533,17.27,3.22,0.3525,1.1345
61.64,0.3936,17.21,3.53,0.2521,1.1087
60.2768,0.3417,15.3696,3.19,0.8518,0.2458
62.1655,0.1726,15.5424,3.7,0.7208,0.002
60.3273,0.1697,15.1584,3.74,0.6882,0.027999999999999997
60.8828,0.3816,16.224,3.46,1.1253,0.2838
60.4485,0.4025,16.5792,3.69,1.1981,0.3626
60.1152,0.1775,15.408,3.99,0.6908,0.0197
61.9433,0.2114,16.08,3.32,0.9324,0.0962
61.1252,0.1962,15.7248,4.26,0.7296,0.0529
63.1755,0.2346,15.7728,3.31,0.9114,0.1089
61.0646,0.3403,16.224,3.11,1.0141,0.217
60.9434,0.2785,16.3296,3.73,0.9719,0.1587
60.0647,0.2249,16.1088,3.5,0.9620000000000001,0.1535
62.1655,0.3381,16.224,3.86,1.0403,0.2126
63.2563,0.2427,16.2144,3.63,0.9572,0.1382
61.6302,0.2054,15.936,3.12,0.9128,0.0924
59.6506,0.2769,16.0416,3.87,0.9384,0.1348
61.0141,0.337,16.0416,3.33,0.9653,0.2012
62.2564,0.27,16.1088,3.51,0.9828,0.14800000000000002
63.4886,0.1503,16.1184,3.21,0.8105,0.06
61.6403,0.2372,16.1088,3.63,0.9621,0.1177
62.2564,0.2664,15.9072,3.27,0.9759,0.1171
60.3778,0.264,16.0416,3.51,0.9656,0.1653
62.1453,0.3031,16.08,3.74,0.9665,0.1708
62.5897,0.2536,15.4944,3.89,0.9741,0.1873
60.6707,0.2508,16.224,3.53,0.968,0.1183
60.4485,0.2301,15.888,3.17,0.9694,0.1535
61.1555,0.2308,16.0128,3.55,0.9567,0.1598
62.1049,0.262,16.2528,3.67,0.9686,0.1371
60.6606,0.1765,15.696,3.38,0.8466,0.1006
60.7818,0.2914,15.7248,3.6,1.1289,0.16399999999999998
60.498999999999995,0.2437,15.8784,3.74,0.9505,0.1457
63.1957,0.1722,16.0416,3.24,0.84,0.0077
59.8728,0.3012,16.224,3.53,1.045,0.1985
61.8019,0.1905,17.0112,2.25,0.8978,0.1495
59.5698,0.2711,16.032,3.45,0.9729,0.1468
62.3271,0.2772,16.0992,3.62,0.9607,0.1402
62.3978,0.2845,16.1088,3.65,0.9890000000000001,0.19
59.893,0.159,14.88,3.11,0.7952,0.0781
62.4483,0.2607,16.2624,3.23,0.9983,0.1234
62.62,0.2634,16.3488,3.23,0.9878,0.1599
63.1553,0.157,16.0704,3.4,0.8326,0.0032
62.6604,0.1796,16.032,3.26,0.7892,0.0232
62.7816,0.2124,16.1376,3.52,0.8440000000000001,0.0788
62.5897,0.2094,15.8304,3.02,0.8154,0.0786
62.7109,0.2003,16.4256,3.28,0.8285,0.0619
63.0038,0.2082,15.9072,3.36,0.8651,0.0795
63.0543,0.1646,16.1856,2.92,0.8135,0.0399
63.0341,0.1467,15.84,3.16,0.7671,0.031
63.023999999999994,0.1669,15.7056,3.22,0.8078,0.0503
63.3674,0.2749,16.1184,3.2,0.9643,0.16699999999999998
62.08,0.2763,16.64,3.18,0.1192,0.9543
60.28,0.1747,16.33,3.0,0.0594,0.7621
61.73,0.3557,16.59,4.1,0.1641,0.8054
61.53,0.2654,17.2,3.35,0.124,0.985
61.65,0.2574,17.03,3.19,0.1251,0.9127
62.26,0.2878,17.24,3.55,0.126,0.9690000000000001
61.64,0.2609,17.2,3.12,0.1266,0.9071
62.19,0.2045,16.87,3.3,0.1016,0.8127
61.86,0.2846,17.07,3.39,0.1252,0.9465
62.49,0.2356,17.05,3.28,0.0701,0.8298
62.31,0.2591,17.19,3.46,0.1449,0.9602
62.21,0.2676,17.23,2.97,0.1562,0.9276
61.98,0.2629,17.13,3.42,0.1129,0.9167
60.69,0.2906,17.16,3.44,0.1232,1.0268
62.16,0.2025,16.94,2.96,0.073,0.8474
66.28,0.1535,14.93,2.99,0.0,0.4891
61.78,0.2025,15.01,2.95,0.0303,0.6027
65.59,0.183,15.41,3.27,0.0,0.6319
66.11,0.1692,15.29,3.32,0.0409,0.5628
66.32,0.1457,14.34,2.93,0.0012,0.4278
63.71,0.2084,15.64,3.22,0.0025,0.7196
65.23,0.1943,16.1,3.02,0.0569,0.7054
64.29,0.1851,15.02,3.1,0.0376,0.579
64.67,0.1718,15.74,2.98,0.0031,0.6932
67.14,0.1716,15.06,2.93,0.0092,0.4922
65.28,0.1978,14.96,3.14,0.7416,0.15
64.34,0.2021,14.8,3.33,0.4882,0.0799
63.69,0.1579,13.88,2.88,0.4217,0.0064
67.44,0.1478,14.71,3.14,0.4782,0.0058
64.99,0.17,14.85,3.06,0.6337,0.057999999999999996
64.51,0.1402,14.29,3.13,0.5815,0.02
63.27,0.17,14.63,3.07,0.5503,0.0129
61.98,0.1931,15.65,3.28,0.8065,0.0336
66.41,0.1335,15.28,3.12,0.3978,0.0401
65.3268,0.1281,13.9776,3.17,0.4909,0.0
66.1449,0.1622,14.4864,3.23,0.5311,0.0244
64.8622,0.1317,14.2944,3.47,0.517,0.0265
64.48,0.1417,14.81,3.2,0.6482,0.0167
64.52,0.1616,13.72,3.03,0.4355,0.0
65.34,0.1344,14.21,2.9,0.5414,0.0084
65.33,0.1344,14.2,2.99,0.6123,0.0
65.34,0.1448,14.6,3.13,0.5922,0.0192
63.77,0.113,14.49,3.13,0.5262,0.0
64.7,0.1796,13.75,2.71,0.4886,0.0253
65.1854,0.1459,14.1696,3.31,0.5539,0.0
63.45,0.1661,14.24,3.83,0.4857,0.0183
62.96,0.1712,15.55,3.52,0.6169,0.0396
62.23,0.2211,16.1,3.91,0.9032,0.1429
62.67,0.182,16.07,3.46,0.6994,0.0936
61.88,0.1299,15.36,3.24,0.5485,0.0207
63.78,0.1821,15.9,3.58,0.6671,0.0557
61.1,0.2088,16.25,3.39,0.8001,0.0926
62.66,0.1594,14.65,3.68,0.5047,0.0261
64.02,0.1816,15.49,3.76,0.5703,0.0592
63.47,0.177,14.31,3.94,0.3869,0.0078
60.32,0.2729,16.58,3.71,0.9677,0.1174
60.94,0.3457,16.94,3.56,1.0381,0.2997
60.65,0.2967,16.67,3.72,1.0383,0.1424
60.6,0.3389,16.74,3.57,1.1493,0.2543
61.03,0.262,16.59,4.02,1.0719,0.1287
61.09,0.2024,16.46,3.44,0.9518,0.10800000000000001
61.14,0.2162,16.44,3.84,1.1056,0.10800000000000001
61.88,0.2862,16.33,3.82,1.0498,0.2198
61.65,0.2207,16.59,3.65,0.9052,0.1181
61.83,0.2835,16.88,3.89,1.0525,0.1793
61.01,0.2639,16.69,3.49,0.9841,0.1773
60.78,0.3603,16.91,3.5,1.1088,0.2795
60.9,0.3155,16.84,2.74,1.0749,0.2076
60.68,0.2124,16.24,3.58,1.0027,0.0969
60.89,0.2474,16.54,3.45,1.095,0.1263
61.15,0.2617,16.74,3.57,0.1708,0.9986
61.95,0.2733,16.64,3.18,0.2054,0.8922
62.41,0.2966,16.8,3.01,0.2129,1.0183
61.42,0.2717,16.32,3.77,0.1119,0.9577
62.46,0.2754,16.91,3.38,0.1944,1.0126
62.55,0.2283,16.46,3.16,0.0607,0.8220000000000001
61.33,0.2811,16.77,3.44,0.1311,0.9815
62.3,0.2264,16.5,3.35,0.07,0.8836
62.07,0.2276,16.47,3.16,0.1708,0.9035
61.15,0.2756,16.57,3.21,0.1701,0.9617
61.72,0.1878,16.41,3.52,0.0876,0.9296
63.63,0.2265,17.2,2.52,0.10300000000000001,0.9258
62.0,0.3372,16.83,3.24,0.1682,0.9779
64.64,0.2681,17.55,1.77,0.1043,0.4517
60.903,0.1672,16.0224,3.78,0.9576,0.0633
60.6808,0.2242,15.984000000000002,3.68,0.9402,0.0517
62.0241,0.2259,16.0224,3.63,0.8988,0.1232
60.0344,0.2157,15.9648,3.81,0.9432,0.0549
60.2768,0.2688,16.2144,3.61,0.9792,0.1594
62.0746,0.1652,16.2816,3.86,0.9175,0.0336
60.3172,0.1951,16.1952,3.66,0.9481,0.075
60.6707,0.1863,15.9744,3.67,0.9375,0.1026
60.2869,0.2887,16.176,3.39,0.9940000000000001,0.1288
60.2667,0.2316,16.272000000000002,3.76,0.9378,0.0571
60.2263,0.139,16.3968,3.85,0.9832,0.0622
62.3675,0.2164,15.984000000000002,3.36,0.9447,0.0681
61.88,0.3378,16.59,3.56,1.041,0.1867
60.4,0.2856,16.74,3.62,1.0107,0.16899999999999998
59.57,0.285,16.83,3.25,1.0618,0.215
61.33,0.1818,16.75,3.47,0.9331,0.067
60.48,0.2323,16.67,3.61,1.0131,0.1535
60.16,0.1821,16.31,3.46,0.8523,0.0382
57.6,0.3184,16.0,3.5,1.0222,0.1888
60.81,0.2105,16.5,3.48,0.8545,0.1001
61.07,0.2081,16.48,3.77,0.9255,0.0716
59.86,0.2313,16.63,3.69,0.9883,0.1094
59.86,0.2076,16.41,3.42,0.9862,0.0932
61.39,0.1743,16.53,3.43,0.8829,0.0873
60.72,0.2783,16.8,3.81,0.9907,0.1449
51.96,2.02,15.49,10.34,2.11,3.86
55.45,0.8258,16.83,6.53,0.9416,3.25
57.23,0.9242,17.76,6.87,0.9492,3.9
55.61,1.4112,16.72,7.74,1.91,4.48
54.75,1.4897,16.55,8.33,2.23,4.74
53.15,1.3459999999999999,16.66,7.32,2.02,4.35
54.37,1.3641,17.03,7.71,1.96,4.64
58.71,2.15,16.81,4.3,0.1761,0.77
62.71,2.07,17.5,2.99,0.0602,0.5281
57.51,2.42,16.54,4.23,0.1572,0.8363
59.12,1.46,16.68,2.71,0.1381,0.4467
57.23,2.51,16.7,4.46,0.14,0.6365
58.91,2.16,16.99,4.45,0.1762,0.7093
59.03,1.83,17.31,4.31,0.1889,0.7253
59.87,1.2495,17.26,4.23,0.0823,0.4197
61.09,2.01,17.59,4.95,0.2811,0.6377
59.0,1.75,16.94,4.08,0.1748,0.4756
62.44,1.2817,16.42,3.84,0.1599,1.1472
58.79,2.3,16.65,4.34,0.2347,0.6971
59.71,2.3,17.26,3.95,0.1239,0.624
59.07,2.5,17.08,4.28,0.2269,0.9391
57.25,0.6827,16.86,5.0,2.04,0.7589
58.39,0.7059,17.44,4.73,2.54,0.8592
58.42,0.6397,17.04,4.24,2.11,0.7951
58.77,0.5677,17.65,4.83,2.42,0.6757
60.17,0.5359,17.22,4.11,3.63,1.3030000000000002
59.52,0.5477,17.53,3.59,2.36,0.5359
59.17,0.6846,17.56,4.43,2.66,0.768
58.04,0.5172,17.21,4.46,2.39,0.6514
59.66,0.4194,17.49,4.42,1.44,0.3522
58.91,0.5294,16.82,4.02,2.24,0.6282
58.86,0.5215,17.48,4.75,2.42,0.6893
57.09,0.7416,16.52,5.12,2.51,0.8915
61.3272,0.48100000000000004,16.8096,4.25,2.32,0.4751
60.3273,0.7484,16.5024,4.7,2.4,0.8622
60.196000000000005,0.5417,16.56,4.65,2.35,0.5718
60.6808,0.4468,17.7792,3.34,3.65,0.5074
61.0343,0.5492,16.5408,4.36,2.29,0.5441
62.2463,0.4988,18.5088,3.48,3.13,0.5146
61.3272,0.5264,16.8384,4.89,2.41,0.5938
58.5901,0.5561,16.7904,4.71,2.23,0.5926
61.5191,0.5646,16.6368,3.9,0.8529,0.2825
61.9635,0.4618,17.0016,3.87,2.72,0.5574
60.7717,0.4684,16.1664,4.23,2.05,0.5126
58.9133,0.6315,16.896,3.67,2.75,0.7042
63.2,0.6321,16.07,2.83,0.0067,0.0095
64.9,0.6371,15.3,3.31,0.0144,0.0325
61.89,0.608,14.97,3.83,0.0252,0.0225
65.87,0.2786,16.96,1.55,0.0,0.0228
63.87,0.8109,15.36,3.59,0.0195,0.0
62.02,0.9427,16.0,3.45,0.0298,0.0738
60.74,1.1422,15.79,3.44,0.1972,0.2416
66.53,0.5438,15.9,2.89,0.0,0.0278
67.47,0.484,15.73,3.13,0.0,0.0213
66.21,0.7461,15.49,2.21,0.0305,0.0167
61.88,0.1071,15.87,2.99,0.6931,0.0314
62.1,0.1863,16.0,3.1,0.9241,0.1525
61.24,0.175,16.63,3.66,0.9803,0.1202
60.36,0.1679,15.69,3.86,0.8809999999999999,0.0285
47.73,2.9,13.2,11.48,10.18,10.51
45.11,3.7,11.97,11.99,10.56,12.18
44.77,4.01,14.12,11.94,11.69,7.42
43.83,4.14,12.1,12.45,9.95,11.23
42.3,4.37,11.63,13.07,10.02,12.19
47.4,3.91,12.9,12.89,8.84,8.7
46.1,3.47,10.8,12.32,9.29,12.3
69.1,0.09,15.7,2.16,0.65,0.09
47.8,4.04,13.9,12.34,10.39,5.6
48.8,3.37,14.0,11.66,10.75,6.4
48.4,4.11,13.8,11.7,10.11,4.6
47.1,3.76,14.6,11.99,10.01,6.0
46.5,3.8,13.6,12.47,10.39,6.7
44.6,2.52,9.2,12.43,9.33,16.2
46.8,3.18,17.3,8.46,7.63,3.58
54.6,1.62,17.5,7.67,4.47,2.0
58.5,0.76,18.9,5.36,1.19,0.8
56.8,0.84,18.4,6.3,1.11,1.5
61.2,0.32,17.6,4.6,1.18,0.7
44.27582879999999,3.1433517,11.119507400000002,12.5583757,10.458434500000001,13.67376015
44.02957,3.13793,10.91697,12.54856,10.32587,14.048829999999999
43.81159,3.2762599999999997,11.22622,12.70992,10.561169999999999,13.251170000000002
43.77505,3.35235,11.159989999999999,12.70618,10.4588,13.18614
43.99365635,3.3774678,11.16299455,12.84945985,10.88111105,13.24734045
44.12151,3.4013400000000003,10.86921,12.5885,10.35494,13.802
43.75244845,3.4285909,10.9277069,12.6697927,10.641127000000001,13.85552425
43.92835,3.49906,11.100530000000001,12.82276,10.5877,13.348670000000002
43.727509999999995,3.5081599999999997,11.1461,12.79011,10.743039999999999,13.18273
43.8846939,3.56567205,11.5522485,12.70685645,10.2803002,12.7562781
44.096609,3.6648437000000005,11.4120729,13.0916329,9.891792500000001,12.90207545
44.9165686,3.73858315,12.4354105,13.03630095,10.73586095,10.27038005
45.1798,3.63142,12.67251,12.74227,10.49467,10.36563
43.93906,3.8374599999999996,10.97591,12.7012,10.10285,13.02704
43.92941,3.9427800000000004,11.07615,12.69144,10.092419999999999,12.67877
43.95633,3.94006,11.11768,12.68929,10.061069999999999,12.7078
44.76529,3.8801900000000002,11.4339,12.72241,9.8974,11.92078
44.678106,3.8916801,11.4795648,12.777266699999998,9.8667261,11.4821586
44.916309999999996,3.89121,11.57168,12.50997,9.91823,11.79557
44.4174291,3.8572479,11.430539999999999,12.7864044,9.999019800000001,11.3840694
44.503240000000005,3.8514199999999996,11.40639,12.325289999999999,9.9862,11.76423
44.6186,3.85132,11.44132,12.39978,9.9482,11.757
39.643678799999996,4.577136299999999,11.7446373,14.142159900000001,9.9877239,12.4037397
47.1696291,3.7764144,15.117695999999999,13.4592084,7.603150500000001,5.2305264000000005
48.99693,3.6296800000000005,16.53581,10.83763,7.726789999999999,2.90965
48.914001,3.2249741000000003,15.26243435,11.72560735,7.5820194,4.4646446
48.6615297,3.2921366,15.777993599999999,12.3455023,7.599969199999999,4.26137605
47.97600455,3.17435845,16.0050128,12.1680739,7.5426174,3.46662975
49.234770000000005,3.06222,15.52103,10.97483,7.43496,4.32659
49.47421,3.0573200000000003,15.463679999999998,11.1176,7.450130000000001,3.9775699999999996
46.60801,3.6550800000000003,15.547189999999999,12.99002,7.30958,5.02359
45.79638,3.9803900000000003,15.377189999999999,13.6423,7.56077,4.9689
47.9486,3.57027,15.48274,12.9894,7.3039,4.59403
46.918659999999996,3.66165,15.822029999999998,13.46972,6.86441,3.9300900000000003
47.0943,3.55314,15.48838,12.77079,7.2659899999999995,5.13585
47.046136499999996,3.3146487000000002,15.6343968,12.738429,7.165758599999999,4.3256169
49.15599,3.01165,16.113570000000003,12.00158,7.35549,4.42274
47.56188,3.09325,15.604270000000001,12.24726,7.032439999999999,4.0105
48.204409999999996,3.0312099999999997,15.50959,11.44408,7.05824,4.51237
51.07087245,2.23173525,16.586212200000002,10.46241505,6.36878605,3.67500265
48.74486095,2.61361625,16.5001447,11.4180827,6.8268542000000005,3.9491947999999995
50.57184,2.3646599999999998,16.45103,10.307739999999999,6.30853,3.76945
49.49675,2.58727,16.43021,10.76797,6.608410000000001,4.152340000000001
50.24394,2.50272,16.41104,10.81996,6.42161,4.02784
52.0633476,1.9029186000000002,16.5343761,9.133027199999999,5.2877583,3.1814145000000003
45.62784,5.38019,14.58356,13.786010000000001,9.147110000000001,6.3789
47.9258466,3.8304316,14.2001027,12.25896715,8.5662535,6.778497200000001
49.024609999999996,3.7627800000000002,14.290020000000002,12.088389999999999,8.39371,6.26728
48.57237,3.5518922999999996,14.332665599999999,11.6563095,8.0058132,6.163641
47.80221195,4.05598905,14.03423205,12.6415734,8.708767199999999,6.80906595
47.13626,3.5323800000000003,13.02988,11.6484,8.129010000000001,8.40242
46.473279999999995,3.76568,14.06666,12.015039999999999,8.41162,6.93942
46.450179999999996,3.8153099999999998,16.36651,11.99648,7.82153,4.60462
54.2268855,1.34757435,17.071975199999997,8.03625135,4.27658655,2.16104145
45.56953,3.71665,11.928510000000001,12.5463,8.84503,10.10972
47.2375653,3.79213405,12.71881635,12.90014515,9.03620195,9.1408461
46.96264,4.0302,12.99647,12.99663,8.54239,8.727039999999999
46.1667861,3.5697813999999997,15.7579543,12.456842800000002,7.4078546,5.171791099999999
46.87996,3.47876,15.861260000000001,12.50531,7.35875,4.9531
48.090858000000004,2.78247315,16.5233457,10.80170985,6.4399596,4.09319415
45.22312065,3.9761217,13.1371188,11.406508800000001,9.4257141,7.96200195
44.34065,3.2168900000000002,10.96845,12.00385,8.79982,12.26367
44.326190000000004,3.1491700000000002,10.532,11.93586,8.36853,13.79455
46.637159999999994,3.38691,14.90006,10.962060000000001,7.31872,5.99137
47.96803,3.23517,14.0869,10.79503,7.6043,6.6515
47.82197,3.4544599999999996,14.39891,11.038730000000001,8.17966,5.98832
45.7077159,4.3084602,13.7097774,11.5687737,9.3937536,7.1652537
47.9249001,3.7524663,14.9922234,10.8064341,8.235711,5.4365255999999995
46.7876079,3.6257265,13.2909678,11.0824857,8.2694799,7.4259108
47.180727000000005,3.7765332000000003,14.148149400000001,11.0376288,8.4198411,6.007557599999999
46.938559999999995,4.6950199999999995,14.304110000000001,11.80551,9.612110000000001,5.47593
46.863445299999995,4.70138495,14.27975245,11.82665955,9.5964168,5.6362571
46.424272200000004,4.82315305,14.001261900000001,11.86257905,9.559761,5.9857608
48.25183,3.7681,15.000720000000001,11.10847,8.52928,4.836180000000001
45.62355,3.3561199999999998,11.62433,11.832469999999999,8.50097,11.610380000000001
46.60957,4.64107,14.023060000000001,11.774239999999999,9.808119999999999,5.56157
44.4038859,4.323924,11.1459447,13.208490900000001,9.618345,11.918916900000001
44.18189,4.26915,11.024519999999999,13.12905,9.40761,12.15155
48.10318545,4.500603900000001,14.626121900000001,11.02763475,8.9299857,5.0160537000000005
47.28957,4.01295,15.262929999999999,11.36881,9.07179,4.78303
47.3742,3.88314,15.496329999999999,11.10966,8.971689999999999,4.24226
46.91962,4.27041,14.97841,11.74704,9.36967,5.01198
47.457281200000004,3.9373343999999997,14.5799539,11.4406493,8.61921735,5.34039385
48.0501153,3.4862652,15.013597500000001,10.897543800000001,8.2071,5.2235667
46.17330335,4.75847805,14.67313565,11.711508199999999,9.68414595,5.1272748
48.05368,4.186,14.569560000000001,11.32959,8.97052,4.7987400000000004
45.9563445,2.9322612,11.1408462,11.5497063,9.0974169,13.554515700000001
46.761109999999995,4.243530000000001,14.001660000000001,11.33601,9.8878,6.148619999999999
47.258521200000004,4.0273695,13.427795699999999,11.577653999999999,9.741827699999998,7.7454135
45.714290000000005,4.30888,12.30741,11.6496,10.26574,8.50252
46.84089,4.1047199999999995,14.060820000000001,11.14067,9.867230000000001,6.098730000000001
45.78658665,3.54388155,11.010232199999999,11.9526365,9.07275825,11.99302355
46.25,3.24,10.84,12.48,10.33,13.26
47.14,3.52,12.12,12.07,11.43,9.73
46.51,4.4,14.47,12.15,10.51,7.2
47.49,3.85,13.44,12.39,11.84,6.77
48.12,3.86,14.17,11.42,11.54,6.36
46.41,3.57,11.8,12.07,10.86,11.52
48.02,3.68,13.5,12.1,11.71,6.67
46.56,3.51,12.19,12.46,10.78,10.38
48.31,3.33,11.51,11.34,12.68,9.33
46.13,3.33,11.75,12.52,10.17,12.19
46.95,3.55,12.26,12.02,11.42,9.82
48.25,3.71,12.56,11.7,12.15,7.85
47.65,4.03,14.49,12.2,10.47,6.3
48.24,3.79,13.88,12.04,10.64,7.15
47.24,4.0,14.32,12.84,9.95,6.98
46.3,2.96,12.84,11.91,9.91,11.86
45.45,3.49,12.8,13.06,7.81,13.94
45.46,3.09,11.8,11.6,9.81,13.54
45.57,3.16,12.0,11.79,10.07,13.09
48.06,4.24,15.2,12.01,9.73,5.38
45.78,3.65,15.79,12.84,9.82,6.72
48.28,4.28,15.32,12.05,9.37,5.27
47.53,3.88,14.0,12.5,10.26,7.45
46.01,2.96,13.87,12.67,10.77,10.0
45.93,3.12,11.92,11.59,10.05,13.21
47.24,2.57,14.48,11.86,10.19,9.62
45.84,3.04,11.94,11.34,9.7,13.24
46.83,3.11,14.7,11.86,9.18,10.16
46.33,3.37,12.7,11.25,9.26,11.01
44.62,3.3,12.4,11.46,10.48,11.92
45.51,3.24,12.64,11.8,9.07,12.04
48.64,3.01,14.2,10.58,8.07,8.98
45.39,3.83,11.84,12.11,9.07,12.75
48.05,2.73,14.25,10.91,8.57,9.76
45.89,3.13,12.38,11.23,9.51,12.31
48.3,2.94,13.32,11.29,9.44,10.16
47.33,2.7,12.47,11.71,9.45,12.04
46.05,2.83,11.76,11.98,9.28,13.75
44.72,3.67,11.45,12.42,9.13,14.06
45.94,3.27,12.59,12.37,9.79,11.95
45.83,3.04,11.98,11.45,9.24,13.33
48.41,4.23,15.15,11.88,9.64,5.21
44.68,4.53,12.02,12.55,9.96,11.63
47.2,3.99,12.21,12.32,8.99,10.57
45.13,3.96,11.67,12.33,9.87,11.94
45.29,3.45,12.26,12.61,10.45,11.51
41.64,5.82,11.95,14.39,10.26,11.67
42.25,5.63,11.58,13.92,9.9,11.44
42.1,5.67,11.74,14.02,10.03,11.45
44.65,4.31,12.14,13.14,9.67,12.35
48.37,3.34,13.63,11.3,9.01,8.12
41.58,6.58,11.14,14.55,9.97,11.77
41.75,4.45,11.84,13.34,10.92,11.06
48.08,2.89,13.6,10.57,8.41,10.47
47.9,2.73,12.43,11.97,9.4,12.7
45.93,2.77,12.65,11.25,9.43,13.27
45.99,3.41,12.72,10.38,10.54,12.12
47.1,3.96,12.8,12.62,8.53,8.5
47.2,3.12,13.2,11.65,11.43,8.2
46.6,2.99,11.8,12.45,10.19,10.4
46.4,3.53,13.7,12.08,10.36,7.3
45.6,3.93,11.1,12.59,9.8,12.1
45.5,3.27,11.0,12.49,9.4,12.3
43.5,3.52,14.2,12.36,10.51,7.4
46.6,3.54,12.41,12.35,10.98,10.13
46.71,3.38,11.27,11.63,10.91,12.42
48.61,3.31,17.66,11.34,8.65,3.18
45.23,2.42,8.37,12.8,8.41,19.87
47.32,3.09,10.61,11.61,11.54,12.4
45.34,4.64,13.93,14.0,11.97,6.11
46.84,2.9,10.63,11.92,10.11,14.15
47.93,3.8,12.81,11.3,11.67,8.36
44.09,1.89,6.67,12.79,6.98,25.45
48.508,3.688,14.902999999999999,12.865,8.752,3.987
48.409,3.715,14.991,12.852,8.715,4.03
45.473,5.356,14.017000000000001,14.165,11.095999999999998,5.556
48.501999999999995,3.708,14.87,12.819,8.786,4.024
48.315,3.737,15.027999999999999,12.812999999999999,8.857999999999999,4.032
47.75,3.29,16.23,10.44,9.58,3.23
45.513000000000005,5.399,14.097000000000001,14.034,10.950999999999999,5.537000000000001
45.52,5.76,15.33,13.92,9.48,4.83
48.4,3.728,15.0,12.699000000000002,8.854,3.9989999999999997
47.977,3.847,16.455,12.32,8.33,4.92
47.1,4.02,16.29,12.56,9.11,5.16
47.036,4.1339999999999995,16.128,12.69,8.685,5.359
47.82,3.838,16.317,12.28,8.447000000000001,4.85
46.771,4.691,14.902999999999999,13.4,9.076,4.961
47.052,4.144,16.197,12.777999999999999,8.691,5.2
46.0386,3.7841,15.8794,12.2436,8.2865,4.6528
47.053999999999995,4.064,16.334,12.966,8.605,5.247999999999999
46.751999999999995,4.726,15.082,13.335,9.039,4.925
46.895,4.0969999999999995,16.234,12.755,8.741,5.329
45.4768888888889,3.7571111111111097,15.5205555555555,12.079333333333302,8.125,4.52755555555555
46.873999999999995,4.073,16.119,12.92,8.657,5.32
48.175,3.842,16.475,11.959000000000001,8.42,5.011
46.782,4.21,16.203,12.953,8.663,5.287000000000001
46.724,4.096,16.323,12.927999999999999,8.734,5.324
47.096000000000004,4.03,16.311,12.661,8.687000000000001,5.257999999999999
45.46,3.91,13.21,13.09,11.27,8.97
48.08,4.04,14.32,12.91,10.14,5.95
47.51,4.34,14.53,13.41,9.94,5.13
47.36,3.83,15.63,11.94,11.17,5.72
49.01,3.92,15.85,11.71,9.56,4.61
45.95,3.31,13.27,12.08,10.54,9.86
47.16,3.35,16.43,11.78,8.45,6.62
47.95,2.7,14.92,10.66,10.87,8.23
45.65,2.92,13.98,12.82,10.27,10.24
47.33,5.09,13.86,12.25,10.47,5.8
46.66,5.16,13.69,14.15,9.76,5.46
48.25,2.72,13.93,11.29,10.35,9.34
48.76,2.96,14.18,10.48,8.05,9.08
41.85,4.52,11.79,13.48,10.91,11.14
44.11,3.62,12.63,12.32,10.83,11.04
47.3,3.9,13.0,12.5,9.2,9.4
49.6,4.1,13.3,12.8,9.2,7.1
46.6,4.0,13.3,12.3,9.4,9.5
48.1,3.9,15.9,13.4,7.7,4.7
55.2,1.9,17.0,9.3,5.6,2.4
59.0,1.2,18.3,7.6,3.4,1.3
69.5,0.1,17.0,2.2,0.8,0.1
43.5,3.7,11.7,12.4,10.7,13.4
42.7,4.2,11.8,13.3,10.1,12.0
41.1,4.4,11.0,12.9,10.5,12.1
47.3,3.5,13.3,12.5,10.4,8.8
48.1,3.4,13.7,12.3,10.7,7.5
49.0,3.8,13.9,12.0,10.7,6.3
45.9,3.8,13.4,12.8,10.7,8.7
47.9,3.9,16.4,11.8,9.1,4.7
56.1,1.7,18.8,7.9,4.6,2.1
61.1,0.6,18.8,5.4,1.4,1.0
46.3,3.13,11.53,9.19,8.75,8.63
48.65,3.55,13.16,9.13,7.89,6.34
39.82,3.46,7.66,12.06,12.7,16.63
38.71,3.2,7.42,10.82,13.68,17.13
42.999222048354795,3.23807618790856,10.797511217350399,11.331382345736401,10.503030532686699,15.3993840577685
38.7791850040869,5.827815410479441,9.04211454415766,16.296670844248702,15.510400014322,10.3380739747395
47.45,3.42,16.93,11.17,7.75,4.76
49.16,3.5,12.59,9.74,8.17,7.97
52.28,2.45,14.2,7.09,6.08,5.09
57.2,1.72,14.63,5.35,3.21,3.61
47.38,3.43,12.64,9.65,7.47,7.47
51.88,2.71,14.26,7.46,7.27,4.08
50.0,3.3,13.44,7.86,9.62,6.37
42.23,2.21,7.91,10.08,7.26,16.74
44.92,3.0,7.42,12.33,8.89,20.07
46.38,4.0,10.0,11.78,11.08,12.16
42.1905139,3.23359264,11.2834246,12.7090675,10.4576838,13.869330599999998
42.4895027,3.2514288,11.246423,12.4132234,10.7918291,13.834551000000001
43.064912299999996,3.30104864,11.429694999999999,12.5066003,10.9121686,13.780834200000001
42.7253011,3.3779087999999997,11.3340563,12.8225027,10.9275942,14.0532077
43.0923411,3.25325408,11.2935629,12.3766582,10.756127000000001,13.7450826
40.7,4.28,11.1,13.23,9.81,11.9
41.9,4.33,11.8,13.0,10.18,11.4
47.9,3.53,15.5,12.71,7.32,4.3
46.5,3.75,12.3,12.08,9.42,9.9
44.84,4.95,11.04,12.78,12.42,9.81
42.512797393835704,5.75322023975083,14.340553651612801,13.644670628868502,11.1408608589595,6.86699077206197
44.98071634535379,4.55129037127393,14.5685681515155,13.1995690421563,9.488620019440301,6.17186803869018
43.9144229933381,4.13950502416733,14.0207521672817,13.3673234262746,10.545562723793699,5.595793998949371
49.12375500264461,3.67943720893786,13.650981148179,11.1075898187519,10.5001260207193,6.67594121948212
51.98,1.06,14.95,8.64,9.47,11.13
49.04,0.8,16.58,8.89,11.37,7.59
52.39,1.29,15.22,10.07,9.43,5.24
51.53,1.34,14.94,10.27,11.16,5.89
51.5,1.38,14.7,10.57,9.75,5.0
43.9,1.07,13.41,8.34,11.71,12.44
54.45,0.93,15.52,9.65,9.33,4.93
55.53,0.61,15.68,8.02,10.07,6.16
52.73,0.86,15.72,8.98,9.98,5.11
53.51,0.72,16.72,8.32,10.36,5.67
54.06,0.65,15.54,8.4,10.42,5.82
50.09,1.09,14.29,10.45,12.4,7.53
53.28,0.97,16.11,8.3,10.67,8.1
44.97,3.83,9.75,13.51,9.79,14.74
45.71,4.96,12.46,12.36,11.41,8.71
44.84,4.95,11.04,12.78,12.42,9.81
44.57,5.36,11.65,14.59,11.31,8.66
44.72,4.31,11.51,13.7,11.28,11.1
48.74,3.37,17.2,10.8,8.63,4.62
44.23,3.89,10.52,14.3,9.36,14.6
44.75,5.19,14.51,14.29,9.74,5.96
45.36,3.55,7.56,12.7,12.49,16.02
45.01,4.88,11.78,12.31,10.48,10.89
45.71,4.74,15.07,13.29,9.67,5.73
45.15,5.42,12.2,13.95,11.8,6.92
46.14,5.35,15.25,12.65,10.72,4.87
48.86,1.52,14.98,11.69,12.29,7.59
48.69,1.53,14.87,11.8,12.32,7.63
48.71,1.5,14.97,11.7,12.43,7.64
48.92,1.58,15.08,11.67,12.32,7.56
48.79,1.51,14.96,11.78,12.31,7.66
48.63,1.42,14.98,11.78,12.41,7.58
48.74,1.54,14.91,11.69,12.34,7.56
48.72,1.55,14.86,11.59,12.2,7.54
48.86,1.54,14.88,11.86,12.31,7.55
49.58,3.16,13.02,14.57,9.79,5.1
49.45,3.07,13.02,14.69,9.78,5.05
50.14,3.52,13.03,14.61,9.14,4.67
49.44,1.71,13.71,13.39,11.59,6.6
49.47,1.67,13.84,13.24,11.78,6.61
49.42,1.67,13.75,13.35,11.76,6.56
49.49,1.67,13.79,13.23,11.75,6.56
49.35,1.74,13.72,13.16,11.67,6.58
49.46,1.7,13.76,13.24,11.67,6.53
49.33,1.76,13.72,13.44,11.76,6.59
49.25,1.71,13.74,13.28,11.7,6.54
49.32,1.64,13.77,13.4,11.72,6.6
50.5,1.75,15.9,10.8,9.24,6.56
50.8,1.65,14.5,11.52,10.0,6.65
63.9,1.53,14.8,8.4,3.58,0.25
49.2,1.92,16.5,10.8,11.6,5.17
48.7,2.17,16.0,11.16,11.1,5.82
48.9,2.16,15.9,10.44,11.5,5.76
48.7,2.05,15.5,11.25,11.2,6.12
48.0,2.04,15.5,11.79,10.3,6.37
47.3,2.19,14.6,13.23,10.5,6.25
48.2,2.12,14.2,13.41,10.8,5.83
47.8,2.26,14.5,12.78,10.9,6.05
48.8,2.32,14.6,12.51,9.94,5.98
48.6,2.18,14.4,13.05,10.7,5.6
48.0,2.56,13.8,13.68,9.99,5.97
48.6,2.62,13.0,14.13,8.84,5.95
47.4,2.91,13.9,14.94,9.2,5.59
47.6,2.72,13.8,15.21,8.73,5.2
46.6,2.83,14.6,14.85,9.77,5.35
48.4,2.9,14.2,13.86,8.89,4.8
46.6,2.95,14.3,15.66,9.56,4.97
47.4,2.95,13.5,15.75,9.58,4.96
47.6,3.05,13.5,15.48,9.68,4.74
50.69,1.94,16.36,9.13,9.87,5.64
51.74,2.02,18.75,9.95,6.7,4.41
49.21,1.6,15.02,10.12,10.54,7.49
49.54,1.63,14.77,10.21,11.58,6.76
48.75,2.26,16.26,11.79,9.29,6.22
50.74,1.95,17.02,10.83,6.82,6.3
48.94,1.26,17.55,9.51,8.69,9.82
49.91,1.39,18.89,8.7,6.28,9.65
50.4,1.17,17.05,9.28,9.77,6.69
49.18,1.29,16.12,9.04,11.34,8.3
50.88,1.12,15.12,10.03,9.05,7.49
48.66,0.83,20.74,7.2,11.54,6.32
49.41,0.87,19.94,7.41,12.4,6.11
43.14,0.82,17.82,21.48,2.24,6.01
49.53,0.8,16.62,11.66,9.79,7.6
49.94,0.7,15.08,10.48,10.49,9.23
49.96,0.74,15.66,10.61,10.85,8.56
50.19,0.72,15.42,10.24,11.33,8.19
48.47,1.07,14.67,13.2,8.37,10.29
66.12,0.73,15.2,4.84,1.74,0.63
66.36,0.72,14.69,5.07,1.92,0.65
75.74,0.24,12.41,1.83,0.46,0.16
75.12,0.24,12.35,2.23,0.52,0.27
74.6,0.25,12.58,2.17,0.52,0.2
51.46,5.26,15.18,9.13,3.62,4.04
49.04,5.5,14.96,10.08,5.5,5.28
72.4,0.32,12.6,3.88,0.07,0.03
76.1,0.34,10.9,3.14,0.05,0.03
76.1,0.33,10.7,3.17,0.09,0.06
72.5,0.32,10.9,4.38,0.1,0.25
74.4,0.34,10.4,5.22,0.4,0.8
74.8,1.15,10.8,4.16,0.4,0.34
75.5,0.32,10.5,4.23,0.04,0.07
68.4,0.47,15.8,4.78,0.42,3.73
66.4,0.5,15.7,5.07,0.29,0.06
67.2,0.51,15.6,4.54,0.28,0.05
67.1,0.5,15.7,4.95,0.26,0.07
53.0,3.17,19.0,11.16,2.19,0.8
50.6,3.16,18.8,14.31,2.28,1.16
47.9,4.35,16.6,12.96,5.17,1.67
53.4,2.92,17.5,8.68,5.58,1.0
47.6,3.41,14.9,15.66,6.33,2.49
49.1,4.12,15.1,11.88,7.2,3.3
48.8,4.19,15.7,14.04,5.72,1.74
51.2,4.97,17.4,9.27,6.08,1.89
50.8,4.85,17.4,11.34,4.45,2.05
50.8,4.14,16.5,10.35,6.48,1.57
49.4,4.19,15.4,10.89,7.12,3.22
49.0,4.36,15.9,10.89,8.27,1.39
47.1,4.49,16.8,10.44,9.93,1.3
46.8,2.27,14.0,21.06,3.48,2.34
51.2,2.65,16.9,11.52,4.92,1.17
52.1,2.79,17.2,8.98,6.37,0.91
47.1,3.67,16.5,12.24,8.1,1.27
51.6,2.9,14.9,11.07,7.21,2.53
52.1,3.15,16.3,9.81,6.18,1.91
62.0,0.81,15.1,10.35,0.67,0.61
64.1,0.81,14.9,7.95,1.06,0.37
63.9,0.56,16.9,8.18,0.21,0.56
70.3,0.45,13.5,5.55,0.62,0.24
70.5,0.43,13.2,5.17,0.42,0.15
69.3,0.46,13.4,6.0,0.14,0.16
51.45,2.36,15.09,9.71,8.97,5.7
52.7,2.33,14.46,9.97,9.23,5.84
52.1,2.39,14.5,10.08,9.26,5.91
50.93,2.47,15.32,9.71,9.24,6.23
53.87,2.51,14.11,10.58,5.72,5.54
52.3,2.45,14.79,9.57,8.99,5.53
52.87,2.11,14.66,9.24,9.59,6.11
53.15,2.54,14.12,10.13,8.75,5.15
51.89,2.66,14.64,10.37,7.35,5.43
52.65,2.54,14.41,10.31,8.98,5.62
51.15,2.66,15.2,9.92,9.08,5.77
50.65,2.69,15.28,10.39,7.43,6.59
52.2,2.04,15.62,8.99,7.87,6.51
51.53,2.23,16.39,9.02,9.94,5.79
50.4,2.19,16.62,9.08,8.69,6.58
53.02,2.06,15.62,9.03,4.62,7.07
50.84,2.53,15.61,10.2,9.2,5.83
51.61,2.09,16.25,9.88,4.9,6.99
51.05,2.19,16.73,9.57,7.49,6.16
51.4,2.12,15.91,9.7,9.4,5.79
52.61,2.06,15.5,9.7,9.43,5.5
50.46,2.21,16.4,10.13,7.47,6.81
49.06,2.47,18.69,11.09,7.79,4.01
49.9,2.6,17.27,9.76,8.38,4.86
51.69,2.63,15.45,10.11,9.41,4.45
51.85,2.76,14.83,10.67,9.27,4.77
51.5,1.59,14.36,10.5,9.78,6.45
45.7,2.81,16.29,4.89,10.72,2.36
49.5,3.34,17.96,5.36,6.3,2.5
45.3,2.47,15.95,7.04,7.7,6.9
66.05,0.54,14.62,5.5,1.16,0.0
62.43,0.48,17.85,4.06,1.16,0.0
65.03,0.72,15.29,5.48,1.48,0.0
53.93,2.94,14.76,12.92,7.53,2.87
69.13,0.49,12.68,6.14,1.35,0.0
59.1,1.92,14.53,9.85,5.59,1.73
67.67,0.53,14.53,5.39,2.0,0.0
67.51,0.53,13.24,5.89,0.81,0.0
63.35,0.6,17.16,4.42,0.07,0.0
64.45,0.48,16.85,4.6,1.29,0.0
55.44,2.15,17.84,8.09,5.79,1.32
60.43,0.64,19.28,4.48,1.74,0.0
50.72,3.81,14.65,13.91,9.2,3.62
60.38,0.67,19.06,4.77,1.71,0.0
68.58,0.26,14.86,3.93,0.82,0.0
49.07,1.48,15.62,11.63,12.71,6.77
48.88,1.48,15.59,11.5,11.92,8.12
48.9,1.47,15.65,11.4,12.11,7.87
49.28,3.16,13.79,13.36,10.0,6.18
49.66,1.4,16.48,10.71,11.45,7.94
50.44,1.53,15.52,10.6,12.63,6.86
50.74,1.53,15.36,9.76,12.25,7.55
49.78,1.52,14.76,11.82,12.41,7.31
50.0,1.55,14.85,11.99,12.47,6.71
49.77,1.54,14.77,11.88,12.37,6.29
73.45,0.41,10.24,5.43,0.0,0.1
69.51,0.53,15.92,4.72,0.0,4.21
79.58,0.34,8.36,3.3,0.0,0.0
67.1,0.56,16.3,4.82,0.0,0.05
66.56,0.57,16.38,3.93,0.0,0.08
50.57,3.15,18.62,15.29,2.55,1.36
53.59,2.67,17.45,9.54,5.85,1.09
49.09,3.89,14.89,12.72,7.67,4.33
50.17,4.18,16.64,12.08,6.41,2.34
46.78,4.37,16.81,11.27,10.7,1.08
50.37,3.82,15.87,11.67,6.79,3.0
49.67,3.86,14.72,11.48,8.47,3.81
46.78,4.23,16.93,11.81,9.84,0.89
52.22,2.6,16.73,11.12,6.37,0.87
51.77,3.84,18.03,10.16,5.28,0.58
52.51,3.37,17.5,12.43,3.57,1.76
52.76,3.03,15.89,10.61,6.69,2.37
59.46,1.02,18.59,9.51,0.02,0.76
61.68,1.0,15.95,10.22,0.0,0.51
67.86,0.5,13.3,9.09,0.28,0.83
70.68,0.5,14.24,3.46,0.36,0.09
70.0,0.49,13.67,5.34,0.0,0.14
68.44,0.54,14.29,6.19,0.0,0.14
63.97,1.57,14.77,8.46,3.43,0.34
63.85,1.53,14.76,8.4,3.58,0.25
68.06,0.52,15.11,4.62,0.86,1.32
49.45,1.92,16.76,10.86,11.59,5.21
48.67,2.11,15.3,12.11,10.69,6.4
48.89,2.17,15.81,10.73,11.62,6.03
47.91,2.14,15.73,12.18,10.92,6.38
47.95,2.02,14.7,12.61,9.93,6.96
48.19,2.27,14.42,13.02,10.55,6.46
48.75,2.18,15.72,10.71,11.58,6.05
48.44,2.19,14.38,13.39,11.05,5.72
49.89,2.13,14.26,12.76,10.22,5.83
47.89,2.21,13.87,14.71,9.27,6.29
49.44,2.2,14.36,13.25,11.18,5.71
48.35,2.63,13.77,14.51,9.88,6.03
48.36,2.62,12.85,14.91,9.47,5.85
47.83,2.84,13.17,15.67,8.97,5.48
47.58,2.82,13.04,16.1,9.05,5.48
48.63,2.55,14.85,14.34,6.79,4.54
47.61,2.96,13.8,16.21,9.48,4.9
46.95,3.01,13.09,16.95,9.6,5.03
46.99,3.04,13.01,17.29,9.68,5.07
48.04,3.22,13.65,16.36,9.88,4.85
50.47,1.74,15.35,12.83,7.59,4.77
50.04,1.6,15.84,10.91,9.0,6.4
50.62,1.76,15.26,11.54,7.92,6.65
50.52,1.71,15.23,10.91,9.38,6.69
51.42,1.68,14.77,10.85,9.02,6.59
48.46,3.43,11.94,18.29,6.41,4.46
50.5,2.5,15.72,10.17,8.64,6.19
52.8,2.54,14.79,10.36,7.19,5.71
51.36,2.56,14.83,10.53,7.75,6.57
50.43,2.66,15.36,10.73,5.86,7.33
51.52,2.18,15.89,9.18,4.51,7.41
54.0,2.05,15.74,9.06,6.66,6.48
50.58,2.52,15.85,10.37,8.75,6.06
51.26,2.53,17.15,9.58,6.33,6.94
50.57,2.07,16.17,9.88,9.68,5.88
50.64,2.24,16.41,10.26,6.34,6.69
49.98,2.54,18.26,10.35,8.14,4.52
52.3,2.68,16.27,10.1,4.02,4.38
49.77,2.36,15.08,12.9,11.02,5.54
51.5,1.68,15.2,10.53,9.25,6.25
52.66,2.42,14.58,10.05,8.19,5.76
53.21,2.52,14.25,10.29,8.79,5.25
52.48,2.51,14.32,10.55,8.95,5.75
51.53,2.18,16.77,8.98,10.07,6.02
64.92,0.8,15.42,5.29,1.53,0.0
73.47,0.29,13.23,2.12,0.72,0.0
52.0,2.14,16.26,9.2,9.46,5.9
51.82,2.1,16.14,9.74,8.96,5.76
51.89,2.61,15.32,10.46,9.4,4.48
52.27,2.33,14.69,9.79,9.29,5.86
52.83,2.34,14.4,9.89,9.2,5.79
51.51,2.58,15.1,10.33,7.94,6.54
52.2,2.09,16.19,8.85,9.31,6.02
50.4,2.58,16.06,10.35,9.23,5.78
52.97,2.04,15.3,9.4,9.41,5.46
53.19,2.02,15.23,9.21,8.82,5.16
51.83,2.13,15.99,9.92,9.33,5.59
51.41,2.61,15.94,9.92,9.68,4.9
48.3,3.95,14.4,12.6,7.63,4.27
64.62,0.32,16.62,4.58,1.26,0.0
64.72,0.36,16.72,4.36,1.17,0.0
62.26,0.35,18.3,4.68,1.93,0.0
51.2,3.17,15.65,8.01,9.45,6.11
65.32,0.39,17.3,3.54,1.18,0.0
63.24,0.2,18.65,3.32,1.45,0.0
61.1,0.21,18.21,5.62,2.26,0.0
64.89,0.34,16.86,4.43,1.17,0.0
63.53,0.33,17.35,4.79,1.75,0.1
66.55,0.52,16.03,3.82,0.8,0.0
66.37,0.43,15.95,3.99,0.89,0.0
65.2,0.47,16.43,4.27,1.11,0.0
52.54,2.89,14.38,12.39,7.6,2.8
57.48,1.09,15.44,10.69,8.74,2.91
65.4,0.49,16.25,4.44,1.02,0.0
66.1,0.48,14.85,5.29,0.88,0.0
66.85,0.41,14.36,5.28,0.64,0.0
64.59,0.36,16.27,5.33,1.38,0.0
67.69,0.55,14.6,4.92,1.0,0.0
73.36,0.14,13.08,2.64,0.38,0.0
66.77,0.55,16.24,5.22,1.16,0.0
52.52,3.62,13.75,13.66,8.89,3.47
52.33,3.56,13.52,13.88,8.94,3.8
51.5,3.43,13.85,13.2,9.72,4.38
50.3,3.64,14.94,12.86,9.23,3.71
47.81,3.3,15.32,15.47,8.86,3.52
61.48,0.83,17.01,5.46,1.81,0.0
48.78,3.26,15.46,12.61,10.71,4.71
62.64,0.79,16.99,5.57,1.75,0.0
64.48,0.64,15.85,5.3,1.11,0.0
45.83,3.1,16.12,11.55,12.81,5.9
69.74,0.29,14.06,3.76,0.56,0.0
75.25,0.14,11.57,2.79,0.24,0.0
46.62,3.32,16.11,11.81,10.85,5.03
71.54,0.34,9.61,6.34,0.27,0.0
45.2,4.01,15.78,13.27,10.53,3.65
50.37,3.79,14.53,12.96,10.53,3.65
55.54,1.21,15.44,11.58,8.78,3.81
60.48,1.02,16.6,7.45,3.86,1.13
55.27,1.33,16.19,10.71,8.5,3.68
66.3,0.31,16.39,3.63,0.64,0.0
64.73,0.42,16.75,4.39,1.26,0.0
66.97,0.58,15.42,3.62,0.56,0.0
45.74,3.48,17.41,11.75,9.32,3.67
64.75,0.54,16.39,4.11,0.84,0.0
49.39,2.64,15.77,12.83,8.38,3.79
64.13,0.49,15.68,5.72,1.03,0.0
45.8,3.52,16.28,12.1,10.63,4.77
57.46,1.37,15.59,10.21,7.88,2.71
45.65,3.63,15.77,12.27,10.62,4.33
43.29,4.08,16.52,13.07,11.5,4.08
57.34,1.44,14.53,11.36,7.76,3.32
45.15,3.27,16.82,11.11,11.05,4.05
46.98,3.65,16.41,11.53,9.15,3.35
63.75,0.44,17.12,4.6,1.12,0.0
48.46,2.76,18.3,10.04,8.56,2.65
67.42,0.63,16.07,3.36,0.5,0.0
45.74,3.84,16.81,11.92,10.53,4.41
48.83,2.08,16.51,11.29,10.46,5.77
45.54,3.06,17.13,11.93,10.65,3.98
49.86,1.9,18.9,9.56,8.62,3.94
47.4,2.21,16.66,11.55,10.32,6.44
46.7,3.89,14.7,14.88,9.19,4.0
67.79,0.51,14.56,4.9,1.45,0.0
77.7,1.18,6.62,0.0,3.98,0.0
47.71,3.65,15.43,13.63,8.37,3.65
64.4,0.77,16.14,5.15,1.46,0.0
45.16,3.24,17.07,10.94,11.98,5.42
63.12,0.71,16.74,5.42,1.59,0.0
45.7,2.86,17.21,12.16,10.39,6.6
64.33,0.8,15.88,5.41,1.52,0.0
55.44,1.31,17.02,9.05,8.15,3.39
61.74,1.17,17.37,5.78,2.21,0.0
47.38,3.01,17.21,10.6,9.93,3.97
67.73,0.43,14.84,4.46,0.8,0.0
47.07,2.99,16.19,12.9,10.18,5.45
61.89,0.68,12.87,9.97,1.4,0.0
49.72,2.87,15.96,12.35,9.09,3.74
75.67,0.2,11.32,3.1,0.27,0.0
74.47,0.22,12.42,2.85,0.29,0.0
50.54,1.55,15.64,10.24,11.04,7.53
50.54,1.65,16.57,9.78,10.55,7.85
49.72,1.68,16.53,10.28,10.16,7.97
50.77,1.97,16.87,10.95,7.89,6.94
49.68,1.26,16.76,9.79,9.18,8.5
50.35,1.24,16.52,9.68,9.6,8.38
50.4,2.81,18.06,7.82,6.73,7.01
51.23,2.72,17.83,6.85,6.81,6.98
54.92,1.11,12.99,9.9,6.94,8.18
52.82,1.54,15.58,10.32,8.36,6.8
52.6,1.4,14.01,11.93,9.47,5.82
52.33,1.4,14.17,11.25,9.12,5.85
53.75,1.44,14.48,10.39,9.79,6.35
50.55,1.75,14.9,12.07,9.96,6.82
49.98,0.92,19.01,8.23,12.11,7.01
51.04,0.73,15.44,10.76,11.0,9.33
42.65,0.93,17.75,23.5,0.34,6.43
50.33,0.76,16.01,10.05,11.36,8.47
50.4,0.75,15.71,10.51,11.31,8.99
49.21,1.17,15.77,13.16,9.01,8.36
49.75,1.23,16.55,12.56,6.55,9.87
50.74,2.47,17.92,8.74,6.65,5.72
50.02,1.72,16.66,10.61,9.41,4.99
50.67,1.66,15.84,10.57,9.82,6.18
50.61,1.61,16.0,9.23,9.58,5.8
49.05,2.38,17.07,12.72,8.76,3.88
50.08,1.7,16.39,11.19,9.57,5.94
49.74,2.26,15.13,12.46,9.56,4.91
74.84,0.34,10.4,6.26,0.52,1.22
78.04,0.34,10.06,3.21,0.34,0.28
82.61,0.31,8.26,1.0,0.3,0.09
85.05,0.21,6.49,5.49,0.16,0.51
93.3,0.23,3.13,2.11,0.07,0.21
67.06,0.59,14.79,6.98,0.16,0.58
76.07,0.42,11.5,3.02,0.05,0.03
74.24,0.41,11.8,4.0,0.04,0.03
64.93,0.62,16.67,8.12,0.27,1.2
69.4,0.46,15.16,5.43,0.4,3.36
72.37,0.41,13.6,4.33,0.52,2.57
74.37,0.31,10.54,6.42,0.02,0.06
65.98,0.59,15.77,6.27,0.35,0.12
67.71,0.48,14.99,6.2,0.26,0.12
52.31,2.81,17.17,14.91,1.87,1.11
45.29,4.15,15.76,18.15,5.48,1.74
39.01,5.68,21.42,20.11,5.15,0.78
49.02,4.5,16.58,13.0,5.85,2.38
52.05,4.3,16.08,11.82,6.08,1.99
48.98,4.21,15.91,12.43,8.14,1.64
45.69,4.0,14.28,18.12,7.68,3.39
51.7,4.55,16.6,11.17,5.75,1.21
37.08,2.96,11.23,11.08,30.09,2.74
43.0,3.85,14.48,16.16,12.61,2.3
50.67,2.83,16.78,11.73,6.72,1.36
51.18,4.08,16.81,13.77,3.92,3.09
40.78,2.12,9.71,34.86,5.2,3.96
60.71,2.51,13.05,13.24,2.07,1.91
54.35,2.95,15.06,12.47,5.31,1.5
56.44,3.07,15.71,9.15,5.07,1.25
53.21,3.12,15.97,11.05,5.95,1.78
60.76,0.85,16.11,12.68,0.71,0.86
60.98,0.86,16.15,13.02,0.42,0.84
57.06,0.83,16.25,15.77,0.75,0.69
63.61,1.1,20.63,2.43,0.6,0.61
58.5,0.81,15.0,14.8,1.55,1.18
59.64,0.86,15.97,10.92,2.24,0.72
63.24,0.85,15.39,8.81,0.64,0.32
60.05,0.81,15.48,12.86,0.76,0.46
59.99,0.8,15.35,12.7,0.77,0.68
62.28,0.8,14.79,10.74,0.64,0.68
62.68,0.79,15.11,10.8,0.62,0.4
64.85,0.78,14.44,8.1,1.15,0.31
60.99,0.78,14.95,9.19,1.93,0.6
63.03,0.81,14.96,10.87,0.65,0.64
65.58,0.84,15.71,6.84,0.67,0.23
64.1,0.79,14.94,8.98,0.75,0.32
62.98,0.79,14.71,10.78,0.7,0.42
60.64,0.86,16.26,10.51,0.87,0.41
63.55,0.56,17.11,8.99,0.26,0.65
69.54,0.51,15.5,6.18,0.63,0.99
71.31,0.43,13.23,5.45,0.64,0.26
72.03,0.49,14.66,3.7,0.57,0.28
71.08,0.44,13.59,4.71,0.64,0.17
70.95,0.44,13.3,5.63,0.39,0.18
69.87,0.44,13.32,6.46,0.39,0.25
70.7,0.44,13.28,5.99,0.13,0.1
69.6,0.47,13.78,6.7,0.16,0.23
69.12,0.46,13.56,7.01,0.14,0.23
47.36,1.93,15.43,12.93,12.17,3.9
52.31,1.97,15.79,10.64,7.73,5.7
51.69,1.66,15.73,9.58,9.49,5.62
52.17,1.73,15.44,9.74,9.17,5.51
51.49,1.69,15.4,10.44,9.21,6.18
51.75,1.66,15.19,10.57,9.32,6.49
50.3,3.22,19.15,10.9,6.96,2.74
51.86,2.03,17.42,9.15,9.8,6.22
49.54,1.6,14.73,10.81,11.33,7.49
50.35,1.59,14.41,10.66,11.5,7.13
49.26,1.6,15.82,10.18,9.9,8.07
50.49,1.34,17.06,9.65,8.19,7.53
49.54,1.29,16.33,9.24,10.49,9.11
50.9,1.21,17.23,9.56,9.59,7.47
49.24,2.74,17.5,7.89,6.71,7.54
50.58,1.21,14.92,9.93,9.76,7.77
53.9,1.42,14.25,9.92,9.47,5.76
52.99,1.41,14.17,10.24,9.37,6.28
52.73,1.52,15.18,10.75,8.31,7.22
50.46,1.71,14.28,11.91,9.84,6.39
49.85,0.76,15.39,10.36,9.97,9.42
50.38,0.71,15.42,10.75,9.97,10.15
50.19,0.72,15.34,10.07,11.19,8.52
49.96,0.73,15.18,10.64,10.94,8.63
49.25,1.15,16.1,12.47,9.69,7.27
49.65,1.59,14.15,12.31,11.25,7.69
49.75,1.52,14.31,12.44,11.14,7.59
49.98,1.62,14.22,12.46,11.34,6.99
49.73,1.57,14.7,11.28,11.29,7.44
49.5,1.57,14.36,11.68,12.52,7.01
50.18,1.67,14.19,12.44,11.28,6.86
49.59,1.68,13.92,12.53,10.86,7.04
49.96,1.6,14.47,11.75,11.23,6.88
50.07,1.68,14.33,11.96,11.11,7.02
49.83,1.64,14.11,12.53,11.41,7.04
50.39,1.77,14.33,12.26,10.93,6.87
49.45,1.62,13.98,12.81,11.52,6.34
49.62,1.62,14.05,12.89,11.46,6.72
49.89,1.4,14.48,12.34,11.59,6.95
49.39,1.49,14.51,11.82,11.88,7.44
48.82,1.53,15.13,11.62,11.31,7.14
49.92,1.35,14.01,12.93,10.95,6.81
49.7,1.5,14.09,12.83,11.23,6.94
49.05,1.37,14.19,12.62,11.45,7.34
49.0,1.05,14.37,11.79,12.77,7.54
48.99,0.93,14.79,10.97,11.77,8.19
48.6,1.33,14.75,11.72,12.63,7.1
49.06,1.27,14.55,11.17,12.67,7.82
49.28,1.25,14.4,11.17,12.57,8.0
49.3,1.24,14.69,11.11,12.66,8.05
49.05,1.3,14.6,11.36,12.87,7.8
48.96,1.22,14.67,11.57,13.22,7.4
49.24,1.22,14.75,10.73,12.87,7.95
50.09,1.69,14.8,11.73,10.42,7.25
49.33,1.59,14.39,12.26,11.25,7.78
49.76,1.59,13.87,12.8,10.75,7.2
49.0,1.7,14.49,12.38,11.5,7.21
49.6,1.36,14.09,12.2,11.68,7.65
50.31,1.61,14.41,11.63,10.51,7.89
48.86,1.71,14.32,13.12,10.85,7.56
50.13,1.28,14.35,11.0,10.9,8.09
49.79,1.56,14.06,12.71,11.5,6.39
48.63,1.59,14.55,12.91,11.88,6.8
49.73,1.56,14.2,12.43,11.44,6.86
49.48,1.62,14.11,12.62,11.18,7.02
48.81,1.63,14.4,12.15,11.28,7.61
49.56,1.52,13.95,12.43,11.12,7.1
49.74,1.57,14.2,12.53,10.95,6.75
49.6,1.62,14.08,12.4,11.45,6.74
49.84,1.66,14.25,12.65,10.99,6.69
49.25,1.7,14.54,11.0,12.57,6.81
49.89,1.56,14.7,11.87,11.2,6.73
43.37,1.46,14.52,9.33,17.05,3.36
39.92,1.33,13.19,8.53,20.34,3.31
47.2,1.35,13.13,8.66,15.9,4.81
41.42,1.47,12.97,9.51,19.45,3.91
37.91,1.52,11.49,9.32,22.51,3.72
31.65,1.5,10.27,10.04,26.51,2.43
50.86,1.63,14.52,9.43,11.79,4.83
50.4,1.83,14.09,10.63,11.45,4.06
48.99,1.62,14.41,9.43,13.28,4.4
48.86,1.76,13.54,9.67,13.27,3.84
48.75,1.5,13.75,9.2,13.97,4.8
47.4,1.45,13.55,8.8,15.26,5.06
46.24,1.49,13.15,9.03,16.09,4.51
49.1,1.39,14.2,12.87,11.6,7.15
50.0,1.48,14.17,12.35,11.14,6.86
49.4,1.13,14.5,11.7,12.3,7.35
49.48,1.18,14.11,12.15,11.99,7.14
48.9,0.98,14.7,11.61,13.0,7.41
49.17,1.76,14.18,12.54,11.06,7.66
49.5,1.6,14.28,12.03,11.66,7.42
49.7,0.73,14.0,8.85,14.5,9.99
47.9,2.07,13.2,16.65,9.61,5.83
50.1,1.28,14.4,10.98,10.9,8.09
49.7,1.27,15.9,10.89,12.3,7.04
49.6,1.24,12.21,11.77,9.73,8.94
51.62,1.01,14.45,7.03,13.29,7.09
51.15,1.4,15.94,9.82,4.6,4.4
47.19,1.26,18.59,16.82,0.85,10.62
53.45,0.73,17.0,6.96,12.64,5.47
49.89,1.02,14.58,10.25,9.93,8.24
50.81,1.02,15.34,9.25,8.63,8.11
52.41,1.01,13.83,6.44,13.36,7.75
48.52,1.05,17.14,11.43,4.83,7.07
49.93,2.12,13.0,16.21,5.26,6.44
50.07,1.97,15.23,13.49,6.49,5.11
49.49,1.18,12.83,11.69,9.88,7.6
49.27,0.95,13.37,10.01,13.93,7.9
48.86,0.97,13.97,10.36,13.31,7.89
50.58,1.12,14.19,11.25,12.19,7.18
50.46,1.14,14.23,11.33,12.18,7.21
51.06,1.16,14.22,11.35,12.17,7.16
50.54,1.19,14.14,11.26,12.16,7.21
50.89,1.14,14.05,11.29,12.11,7.19
51.0,1.11,14.11,11.25,12.19,7.23
50.86,1.14,14.18,11.12,12.3,7.34
50.9,1.14,14.12,11.25,12.16,7.22
51.15,1.16,14.1,11.13,12.1,7.23
50.97,1.11,14.13,11.27,12.16,7.24
50.84,1.14,14.15,11.25,12.17,7.22
49.86,0.88,14.82,9.5,13.16,8.97
50.63,1.3,13.27,12.32,11.15,6.7
49.82,1.03,13.92,10.24,12.53,7.81
50.81,1.03,14.2,10.59,12.61,7.98
50.21,1.04,14.01,10.44,12.37,7.91
50.8,1.04,14.23,10.59,12.49,7.96
50.35,1.02,14.03,10.46,12.42,7.95
50.36,1.05,14.07,10.59,12.39,7.9
49.43,0.75,15.33,9.64,12.84,9.13
49.74,0.78,15.34,9.69,12.67,9.28
49.94,0.77,15.38,9.73,12.73,9.24
50.41,0.73,15.43,9.64,12.33,9.22
48.87,0.72,15.2,9.91,12.32,9.06
50.33,0.74,15.46,9.67,12.32,9.18
49.79,0.75,15.36,9.71,12.54,9.18
49.59,0.73,15.47,9.82,12.8,9.3
49.83,0.76,15.46,9.92,12.93,9.2
49.19,0.76,15.47,9.87,13.06,8.81
49.78,0.78,15.88,9.64,13.03,8.41
49.55,0.76,15.61,9.77,13.02,8.85
50.58,1.07,14.21,11.48,12.52,7.31
50.71,1.1,14.2,11.35,12.44,7.35
50.65,1.09,14.21,11.41,12.48,7.33
51.01,1.06,14.24,11.34,12.5,7.35
51.06,1.09,14.28,11.38,12.57,7.39
50.23,1.1,14.05,11.39,12.44,7.37
50.62,1.02,14.12,11.33,12.36,7.34
52.07,1.07,14.54,11.29,11.99,7.32
51.39,1.03,14.35,11.44,11.88,7.33
50.92,1.05,14.26,11.43,12.51,7.42
51.05,1.06,14.27,11.38,12.29,7.36
49.7,0.73,15.42,9.54,12.98,8.91
49.67,0.68,15.45,9.57,12.87,9.01
49.65,0.71,15.54,9.54,12.96,8.97
49.94,0.78,15.55,9.66,12.97,8.92
49.63,0.74,15.42,9.56,12.96,8.71
50.12,0.71,15.45,9.47,12.9,8.76
50.04,0.69,15.45,9.52,12.91,8.84
50.2,0.75,15.47,9.5,12.92,9.01
49.82,0.74,15.62,9.73,12.99,8.88
50.05,0.74,15.61,9.69,12.98,8.82
49.98,0.73,15.61,9.71,12.95,8.81
50.16,0.73,15.61,9.68,12.84,8.92
49.75,0.71,15.54,9.63,13.03,8.87
50.11,0.77,15.62,9.54,13.19,8.76
49.94,0.73,15.62,9.68,13.0,8.8
49.92,0.73,15.53,9.6,12.96,8.87
57.24,1.405,12.5,9.08,1.18,3.59
50.16,1.1840000000000002,15.34,10.07,10.53,6.83
50.08,1.12,14.64,10.03,11.8,7.65
50.38,1.163,15.13,8.6,11.95,8.56
50.1,1.17,15.14,9.13,11.86,8.04
49.92,1.099,14.17,10.86,12.05,7.59
50.21,1.1,14.13,11.12,12.07,7.43
49.47,1.075,14.05,11.03,12.34,7.64
49.71,1.087,14.17,11.02,12.35,7.76
49.78,1.094,14.34,11.12,11.91,7.34
49.94,1.037,14.2,11.12,12.22,7.63
49.83,1.155,15.45,8.64,11.81,8.26
49.56,1.012,14.12,10.99,12.25,7.8
49.49,1.042,14.01,11.0,12.07,7.96
49.27,0.72,15.0,9.76,12.5,9.09
49.26,0.73,15.09,9.89,12.49,9.6
49.32,0.74,15.31,9.46,12.42,8.9
49.35,0.727,15.02,9.88,12.54,9.57
49.57,0.7340000000000001,15.07,9.64,12.43,8.89
49.02,0.713,14.65,9.83,11.98,10.44
48.42,0.687,14.51,9.77,11.69,10.91
48.79,0.705,14.91,9.46,12.67,8.45
48.97,0.732,15.19,9.58,12.72,8.93
49.03,0.72,14.92,9.7,12.48,9.56
50.16,1.057,14.05,11.34,12.19,7.4
50.19,1.079,14.0,11.27,11.58,7.78
50.3,1.073,14.02,11.12,12.06,7.45
50.4,1.061,13.97,11.32,12.04,7.61
49.71,1.03,13.99,10.91,11.58,8.23
50.21,1.078,14.15,11.02,11.99,7.67
50.14,1.119,14.58,9.94,12.41,7.29
50.11,1.06,13.97,11.26,12.0,7.55
49.33,0.75,15.46,10.05,12.84,7.44
48.53,0.75,15.58,9.77,13.19,7.13
48.39,0.755,15.53,10.1,11.69,8.47
49.53,0.7659999999999999,15.66,9.08,12.85,7.89
49.17,0.73,14.91,9.83,12.41,9.69
49.34,0.75,15.33,9.59,12.74,8.49
48.72,0.716,14.78,9.7,12.38,9.97
49.22,0.746,14.87,9.76,12.39,9.89
48.79,0.735,14.8,9.72,12.52,9.52
48.52,0.718,14.71,9.65,12.4,9.96
48.88,0.7240000000000001,14.89,9.69,12.36,9.85
48.9,0.743,15.28,9.88,12.48,8.26
49.35,0.742,15.06,9.53,12.52,8.69
48.8,0.72,14.87,9.7,12.32,10.03
49.21,0.76,15.56,9.6,12.91,8.03
46.9,0.813,14.22,9.14,0.81,13.55
47.47,0.8540000000000001,14.2,9.35,0.64,11.99
44.68,0.759,13.06,8.95,4.87,11.49
48.19,1.061,13.18,11.29,3.09,9.45
48.41,1.05,12.82,11.12,2.28,9.54
46.92,1.072,12.6,11.0,3.71,9.41
48.6,1.071,13.14,11.17,1.59,10.68
45.39,1.255,13.95,10.65,5.74,6.58
46.37,1.551,14.84,11.17,6.4,3.69
47.7,0.932,14.47,9.95,6.31,5.37
48.05,1.1440000000000001,12.8,11.54,7.25,5.9
47.84,1.12,12.31,11.15,8.48,5.32
47.21,1.138,12.82,11.75,8.09,6.94
47.54,1.209,13.05,11.99,7.28,6.66
47.79,0.9790000000000001,13.15,10.44,7.52,7.26
47.32,0.951,13.35,10.14,7.67,7.48
46.78,0.9470000000000001,13.15,10.14,10.44,7.86
46.62,0.938,13.11,10.01,11.26,7.53
46.83,0.945,13.09,10.1,10.81,7.43
46.59,0.975,13.35,10.34,8.83,7.33
46.87,0.987,13.44,10.49,10.25,7.64
47.03,0.9490000000000001,13.19,10.06,11.1,7.42
46.65,0.968,13.36,10.19,11.03,7.49
46.06,1.608,17.55,12.36,8.78,4.64
48.5,1.3319999999999999,15.19,10.55,12.97,5.69
50.01,1.459,16.5,9.19,10.48,5.56
49.25,1.308,14.84,10.61,12.52,6.73
48.87,1.6230000000000002,14.44,11.63,12.07,6.31
48.97,1.5659999999999998,14.16,11.94,11.75,6.72
49.26,1.5730000000000002,14.22,12.08,11.82,7.04
49.05,1.5719999999999998,14.27,11.87,11.96,6.79
48.94,1.59,14.21,11.81,11.9,6.97
50.25,1.187,14.6,9.65,11.77,7.68
50.3,1.1840000000000002,14.54,10.27,11.87,7.97
50.28,1.046,13.93,11.27,11.62,7.94
49.46,1.114,13.68,12.47,11.87,7.15
50.26,1.173,14.55,10.4,12.15,7.11
50.42,1.121,13.86,11.81,11.92,7.37
50.44,1.124,13.89,11.37,11.8,7.09
49.55,1.571,14.28,11.31,11.15,6.57
49.34,1.5519999999999998,14.22,11.92,11.65,6.96
50.29,1.538,13.81,11.99,11.04,6.91
48.18,1.1,13.8,12.8,10.44,11.1
48.92,1.5,14.16,11.72,11.61,7.59
49.62,1.54,14.44,12.04,11.38,7.25
49.9,1.15,15.75,10.22,11.83,7.7
49.18,1.29,14.11,11.29,12.48,7.98
49.49,1.3,14.4,11.82,11.58,7.82
49.28,1.31,14.2,11.19,12.5,8.03
49.68,1.35,14.61,11.07,10.74,8.36
49.31,1.36,14.44,12.45,11.63,6.84
49.65,1.37,15.21,11.79,11.01,6.23
50.76,1.47,14.15,12.15,11.95,7.1
50.78,1.51,13.08,13.16,9.92,7.51
49.32,1.53,14.46,12.33,12.04,7.19
49.51,1.55,13.92,12.26,11.74,7.78
49.4,1.55,12.85,13.92,10.51,7.15
49.77,1.56,14.08,12.56,11.16,7.28
49.71,1.56,14.39,11.2,10.84,7.89
49.55,1.57,14.34,10.78,11.6,6.62
49.67,1.58,14.3,12.68,11.65,7.11
49.87,1.59,13.34,13.2,12.02,7.69
51.49,1.62,14.77,10.83,10.91,6.82
50.64,1.62,13.6,13.54,9.48,6.28
50.0,1.63,14.02,11.75,9.76,7.17
49.79,1.64,12.68,12.48,9.5,7.8
50.13,1.65,13.33,12.84,9.69,7.76
49.43,1.67,14.54,12.24,11.82,6.71
51.07,1.71,15.21,10.19,10.37,5.52
49.07,2.22,13.8,14.65,9.88,7.17
49.83,2.27,13.32,14.74,10.31,5.78
48.02,2.31,13.19,15.2,9.61,6.87
47.21,2.8,16.82,10.0,8.05,4.4
42.71,3.59,13.67,13.88,8.82,10.9
45.42,3.67,16.64,10.84,10.04,5.42
41.75,3.92,15.03,13.05,12.73,6.51
51.88,2.74,12.8,10.06,8.25,8.38
49.9,2.92,11.54,10.66,8.28,10.3
52.47,2.94,13.42,9.89,8.72,6.99
48.0,3.96,11.17,10.64,10.08,10.05
46.96,2.48,11.6,12.35,14.36,6.82
45.53,2.54,11.9,10.53,17.43,6.73
46.54,2.61,11.98,11.02,14.98,7.68
47.21,2.66,13.08,11.71,12.23,6.35
50.79,3.42,12.28,10.3,9.53,8.13
49.97,1.39,14.73,9.03,12.61,9.56
49.52,1.84,15.96,10.77,11.52,6.4
53.14,2.07,15.63,11.21,8.14,3.76
49.18,2.07,14.42,11.3,11.43,7.38
50.25,2.19,16.11,13.43,8.59,5.22
49.48,2.3,15.42,11.9,11.1,5.14
49.29,2.31,15.38,11.03,11.37,5.45
49.8,2.69,14.64,12.46,10.77,4.55
49.59,2.97,12.76,14.59,9.62,5.93
50.72,3.01,14.04,15.94,6.08,4.43
48.53,3.39,12.82,15.9,9.53,5.23
56.95,2.05,14.27,12.56,3.66,4.04
59.16,0.92,14.29,11.11,6.61,3.4
65.68,0.45,15.48,6.24,3.01,2.49
48.55,1.61,14.23,11.71,12.12,6.82
50.03,1.25,14.51,11.61,12.09,7.83
49.8,1.3,14.38,11.69,12.1,7.83
50.08,1.28,14.33,11.48,11.95,7.7
50.95,1.24,14.47,11.58,11.96,7.75
49.77,1.26,14.33,11.62,12.25,7.77
50.37,1.21,14.4,11.55,12.1,7.55
50.17,1.23,14.38,11.6,12.13,7.74
49.55,1.28,14.7,11.64,12.28,7.6
50.1,1.62,14.12,12.1,11.7,7.06
50.23,1.61,14.4,11.94,11.75,7.12
50.13,1.64,14.33,12.16,11.64,7.13
49.82,1.6,14.16,12.03,11.83,7.06
49.34,1.63,14.1,12.1,11.72,7.02
49.42,1.61,13.78,12.05,11.74,7.27
50.87,1.12,13.95,12.1,11.58,7.18
49.73,1.16,13.93,12.07,11.86,7.6
50.95,1.14,13.95,12.0,11.65,7.29
50.82,1.13,13.96,11.98,11.79,7.31
49.86,1.16,13.8,11.98,11.75,7.28
50.71,1.17,13.95,11.92,11.72,7.26
50.55,1.16,13.85,12.04,11.63,7.39
50.93,1.14,14.0,12.07,11.82,7.29
50.08,1.13,13.97,11.88,11.85,7.34
50.73,1.14,13.81,11.8,11.74,7.29
50.13,1.09,13.91,11.85,11.94,7.76
50.88,1.14,13.95,11.76,11.61,7.34
51.06,1.09,14.02,11.65,11.89,7.27
50.58,1.63,13.57,12.89,11.01,6.59
50.13,1.6,13.53,12.77,11.04,6.39
50.4,1.66,13.62,13.05,11.16,6.48
55.14,1.922,12.07,10.36,1.73,4.94
48.65,1.66,14.73,11.28,12.43,6.05
47.12,1.7,15.09,12.64,12.24,4.77
48.65,1.59,14.09,12.1,11.82,7.28
48.6,1.6,14.11,12.08,11.84,7.1
49.77,1.6,14.14,12.21,11.81,7.43
47.31,1.52,13.45,12.6,12.06,6.51
48.26,1.63,14.51,11.7,12.16,7.2
48.17,1.59,14.07,12.16,11.77,7.26
48.69,1.59,14.26,11.97,11.91,6.79
48.75,1.62,14.16,12.08,12.13,6.74
48.85,1.6,14.22,12.05,11.87,7.03
49.06,1.61,14.35,11.99,11.94,6.42
48.88,1.61,14.33,11.94,11.99,6.7
49.78,1.61,14.05,12.02,11.7,7.15
49.01,1.6,14.28,12.03,11.89,7.25
48.76,1.59,14.05,12.14,11.75,7.18
49.14,1.62,14.28,12.17,12.19,6.72
48.83,1.61,14.22,11.96,12.17,6.84
48.31,1.61,14.42,12.17,12.12,6.9
47.55,1.6,13.89,13.37,11.94,6.97
49.46,1.65,14.62,11.47,12.3,6.45
48.67,1.6,14.51,11.4,12.4,6.72
48.44,1.66,14.79,11.49,12.27,7.02
49.51,1.16,14.25,11.07,11.97,7.39
50.21,1.2,15.08,9.47,11.42,8.01
49.66,1.16,14.24,11.04,11.97,7.41
50.57,1.21,14.91,9.86,11.94,7.61
49.51,1.17,14.28,11.63,11.69,7.06
49.98,1.21,15.01,9.44,11.69,8.37
50.07,1.14,13.91,11.59,11.85,7.41
50.01,1.13,13.77,11.73,12.07,7.76
50.48,1.14,13.95,11.64,11.77,7.55
49.85,1.06,13.78,11.5,11.81,7.98
50.01,1.1,13.85,11.69,11.89,7.89
49.19,1.14,14.25,11.63,11.94,7.2
50.04,1.2,14.84,9.7,12.28,7.87
48.79,1.15,14.46,11.36,12.02,6.92
50.45,1.2,15.2,9.22,12.51,7.93
49.35,1.17,14.21,11.69,11.83,7.12
49.28,1.13,13.89,11.94,12.19,7.35
50.22,1.15,14.08,11.91,12.14,7.22
50.07,1.16,14.39,10.81,12.41,7.52
49.74,1.13,14.27,12.09,12.0,7.43
50.02,1.14,14.15,10.76,12.28,7.49
49.44,1.17,14.1,11.74,12.28,7.73
49.89,1.14,13.96,11.42,12.39,7.56
49.64,1.11,13.79,11.98,12.19,7.38
50.54,1.12,13.91,11.57,12.09,7.07
49.87,1.13,13.7,11.67,12.11,7.71
49.37,1.15,14.09,11.37,12.3,7.71
49.17,1.14,14.06,11.47,12.48,7.75
49.94,1.13,14.0,11.54,12.18,7.55
50.35,1.16,14.46,11.05,12.02,7.4
50.17,1.15,14.24,11.45,12.15,7.45
50.21,1.15,14.14,11.4,12.2,6.82
50.54,1.12,13.85,11.46,11.89,6.99
49.86,1.12,13.74,11.53,12.16,7.4
47.68,1.46,16.43,11.52,11.35,4.56
49.23,1.41,15.73,10.09,12.95,6.07
48.51,1.4,15.87,10.93,11.55,5.29
48.72,1.31,14.51,11.45,12.54,6.74
49.86,1.34,15.01,9.91,12.72,7.36
48.23,1.34,15.03,11.28,13.23,6.02
48.99,1.44,15.98,10.58,11.55,5.79
48.09,1.37,15.41,11.99,11.37,5.28
48.9,1.36,15.38,9.86,13.03,6.17
50.35,1.49,16.78,8.77,10.83,5.32
49.11,1.38,15.53,10.35,11.81,6.56
50.92,1.49,17.04,8.89,9.58,4.31
49.13,1.33,14.92,10.78,12.16,6.54
49.17,1.31,15.07,9.7,12.79,6.88
48.64,1.28,14.54,10.74,12.8,7.24
48.75,1.31,14.79,11.2,12.74,6.65
48.76,1.3,14.81,10.42,12.68,7.53
48.28,1.29,14.54,10.69,13.08,6.6
53.16,2.64,13.96,8.67,9.54,6.64
49.67,2.96,11.76,10.32,8.3,8.89
52.8,2.19,13.64,9.28,9.06,7.56
53.8,2.75,13.6,8.92,8.49,7.6
50.31,3.62,12.11,10.23,9.43,8.11
49.62,1.58,14.94,12.35,11.68,7.01
50.1,1.9,13.13,13.58,10.82,6.05
49.08,1.55,13.73,13.05,11.67,7.2
50.31,1.73,15.32,11.45,10.11,6.58
50.88,1.66,14.84,11.15,11.36,6.88
50.75,1.64,14.9,11.34,11.0,7.31
50.02,1.47,14.18,12.03,11.4,8.25
49.53,1.59,14.66,11.82,11.79,7.25
50.44,1.62,14.86,11.52,11.14,7.12
50.79,1.34,14.52,11.3,11.26,7.34
50.08,1.51,13.79,12.76,11.49,7.01
50.08,1.57,14.32,11.71,11.44,6.98
51.58,1.55,13.4,13.72,10.35,6.39
49.21492,0.71378,14.82325,9.96438,12.43042,9.88125
50.38,1.65,13.54,12.61,11.64,7.3
49.01,0.88,14.72,11.45,13.03,7.42
49.0,0.93,14.8,11.34,13.2,7.86
49.67,1.35,13.64,12.12,11.38,7.45
48.96,1.24,14.39,11.75,11.96,8.93
50.47,1.72,13.77,12.8,11.03,6.6
49.6,1.25,14.59,10.53,11.18,8.07
54.67,2.07,13.23,12.96,7.33,3.29
46.52,1.25,13.44,12.04,9.36,13.17
56.18,1.18,14.54,9.35,8.45,4.7
53.46,1.21,14.64,11.06,9.56,5.04
52.43,2.55,12.84,14.0,8.3,4.24
52.84,2.47,13.27,13.28,8.21,4.23
51.33,3.51,13.0,13.85,8.17,3.83
49.96,4.74,12.88,12.48,9.2,5.42
49.52,4.75,12.61,12.9,9.25,5.15
46.86,2.15,12.4,12.62,11.46,9.61
47.55,2.36,12.44,13.14,11.27,7.81
47.38,2.28,12.68,13.4,10.87,7.57
54.42,1.17,14.66,9.94,9.11,4.99
52.88,2.49,13.3,13.25,8.26,4.21
52.54,2.22,13.4,13.5,8.11,4.2
49.94,2.15,13.18,11.68,11.2,7.35
50.45,2.06,12.84,12.21,10.75,7.23
51.07,2.38,12.37,11.99,10.7,7.16
50.29,2.46,12.94,12.1,10.69,6.78
50.21,2.48,12.24,13.41,10.31,6.6
50.7,2.07,13.49,11.72,11.05,6.58
50.17,2.57,12.87,12.44,10.68,6.52
50.71,2.66,12.63,12.54,10.31,6.4
50.26,2.53,12.36,13.47,10.11,6.29
49.6,3.09,11.84,13.89,9.95,6.12
52.66,2.35,12.92,12.02,8.71,5.26
49.97,4.14,10.35,15.66,9.25,5.23
51.68,2.85,13.05,13.32,9.18,4.7
51.68,3.03,13.15,12.98,9.74,4.27
49.78,3.73,12.2,14.96,8.1,5.17
51.16,3.26,12.85,14.02,9.0,4.51
50.54,4.26,12.37,11.48,9.77,6.6
48.5,4.67,12.1,13.09,10.2,6.1
44.47,1.11,5.95,9.12,7.69,26.04
47.17,0.98,5.54,9.35,9.35,24.22
44.57,1.37,8.27,10.46,12.8,16.87
44.46,1.98,12.27,11.35,12.42,11.06
46.58,2.12,12.67,12.48,11.37,9.74
46.88,2.15,12.4,12.62,11.46,9.61
46.99,2.33,12.29,12.98,11.14,7.72
45.68,3.29,11.76,15.59,10.27,7.81
46.54,2.05,13.09,12.26,11.66,7.49
46.48,2.24,12.43,13.15,10.66,7.43
46.59,2.33,12.94,13.57,10.53,6.1
61.46,1.39,15.57,5.37,3.84,2.74
68.94,0.41,15.38,3.51,0.82,0.48
77.38,0.15,9.6,2.0,0.46,0.05
46.5,2.42,16.7,11.11,8.35,6.83
47.8,1.49,17.35,10.83,11.5,4.64
46.7,2.45,16.8,11.25,8.0,6.43
50.9,1.67,13.65,13.05,8.8,4.6
51.9,1.37,13.7,12.1,9.15,4.99
47.6,3.43,13.4,13.77,8.86,4.95
50.0,3.16,13.5,13.43,8.55,4.55
52.5,2.99,13.25,12.33,8.1,4.27
47.6,1.65,15.84,11.43,11.61,4.87
47.9,1.72,17.05,11.25,11.4,4.65
50.8,1.19,14.25,11.02,10.6,5.98
47.48,2.13,15.28,9.77,10.67,5.82
45.27,3.03,13.23,11.0,10.65,8.81
47.05,2.13,14.68,9.92,10.23,6.38
45.39,2.04,14.82,11.03,10.65,5.75
56.75,0.18,19.63,3.56,1.19,0.18
56.09,0.23,19.86,3.72,1.37,0.24
56.93,0.31,21.07,3.54,1.95,0.68
44.87,3.0,13.55,10.31,11.8,7.73
45.93,2.36,11.29,10.91,13.28,9.73
44.32,2.51,11.91,12.58,11.15,8.9
57.54,0.29,19.85,3.65,1.39,0.37
46.64,1.89,12.27,11.09,12.88,8.92
45.71,2.35,12.93,12.12,10.77,8.02
44.23,2.31,11.39,10.29,13.45,8.31
56.99,0.32,19.9,3.83,1.37,0.33
56.55,0.33,20.89,3.29,1.59,0.47
44.52,2.3,13.08,10.28,10.91,8.42
46.87,2.4,13.08,10.44,9.89,8.72
45.32,2.29,12.86,10.34,10.79,7.97
44.8,3.16,13.25,10.77,10.87,7.35
44.83,2.39,13.42,11.55,11.27,7.2
45.41,2.21,14.03,10.69,10.22,6.94
45.97,2.09,13.29,10.19,10.9,8.29
45.08,2.48,12.92,11.33,11.34,8.03
44.51,2.4,14.17,10.87,11.02,6.66
57.36,0.18,19.31,3.89,1.13,0.18
45.47,2.54,12.84,11.35,11.1,8.47
45.4,2.15,11.14,11.24,11.11,12.1
45.57,2.29,11.73,11.13,11.98,10.3
45.48,2.06,11.13,11.28,10.87,12.6
46.01,2.35,13.18,10.93,11.6,7.74
46.48,2.47,14.31,11.99,9.01,5.51
57.02,0.23,19.86,4.14,1.41,0.39
46.99,2.8,15.98,9.82,10.08,6.43
49.06,2.11,16.97,9.32,9.71,4.43
47.12,2.88,14.34,11.3,9.32,7.44
47.07,2.8,14.26,10.81,11.03,6.65
46.37,2.81,14.34,10.93,9.75,7.61
47.38,3.47,14.61,12.04,9.06,6.05
45.66,3.17,14.22,11.31,10.59,6.62
46.57,2.71,15.73,10.38,10.73,5.32
46.39,2.76,15.45,10.03,9.76,5.89
46.27,2.38,12.88,10.12,12.73,8.32
45.84,2.34,14.34,10.66,10.23,7.89
43.95,2.56,12.31,11.13,11.85,12.1
45.79,2.34,14.33,10.67,10.46,8.21
45.59,2.36,14.24,11.31,9.91,7.71
45.03,2.49,14.08,12.01,9.42,8.9
44.87,2.5,13.6,12.0,9.5,8.93
45.1,2.34,13.06,11.9,10.67,9.14
45.12,2.41,13.61,11.28,10.27,9.94
43.89,2.55,11.95,12.35,10.25,10.8
43.94,2.57,12.74,11.54,12.13,9.57
53.75,1.47,17.77,6.78,4.86,2.6
48.74,1.4,12.8,10.46,11.31,12.14
51.58,2.78,12.38,13.88,8.52,4.44
54.79,2.68,12.53,12.38,6.6,3.08
50.86,3.17,12.44,13.7,9.38,3.85
48.46,1.38,12.13,10.79,10.41,13.19
49.4,3.4,11.49,15.61,8.87,4.55
51.01,3.56,12.35,14.26,8.42,4.07
51.96,1.47,14.01,10.63,11.31,5.01
51.84,3.69,11.93,14.72,8.02,3.92
57.99,2.0,12.63,12.32,5.68,1.83
56.9,1.96,12.36,12.78,6.06,1.91
52.95,2.79,12.65,12.9,7.92,4.58
54.12,2.57,12.54,13.7,6.93,3.92
52.86,2.49,12.84,13.54,8.09,4.39
51.64,2.64,12.73,16.28,6.39,3.41
50.71,2.47,14.39,13.11,5.82,4.77
52.65,2.21,12.97,12.36,9.34,5.05
51.94,2.4,12.77,13.14,8.87,4.63
50.98,1.86,14.71,10.79,9.07,5.59
52.58,1.76,15.09,10.31,8.2,4.95
53.26,2.7,11.92,13.36,8.09,3.3
51.45,2.86,13.46,12.72,8.42,4.32
53.26,2.85,12.81,13.01,8.7,4.51
51.96,2.82,12.68,13.09,8.42,4.39
52.36,3.34,12.35,13.41,7.57,3.69
52.78,1.68,14.05,10.44,10.51,5.53
54.62,2.23,13.7,9.1,9.82,3.76
52.85,2.35,14.31,10.69,10.09,4.08
52.23,2.3,14.3,11.19,9.89,5.32
51.89,2.24,14.17,10.7,9.85,5.32
54.04,2.53,12.24,14.0,8.43,4.13
50.12,3.32,13.28,13.68,8.09,4.54
57.37,2.09,12.51,11.86,5.12,3.43
49.07,4.2,12.39,14.94,6.32,4.04
51.86,3.02,13.01,13.5,7.01,4.36
51.05,2.51,13.28,12.89,9.19,5.49
48.35,3.64,14.06,12.99,10.07,3.55
47.54,3.5,14.24,13.35,9.08,5.87
47.84,3.77,13.37,13.16,9.13,5.49
46.92,3.5,12.43,14.31,9.89,6.37
47.85,3.48,12.8,13.05,10.66,5.06
48.12,3.37,14.61,12.74,9.06,5.95
49.81,2.7,13.41,11.69,9.59,6.7
50.65,2.68,13.13,11.5,9.73,6.55
48.47,4.19,11.86,15.02,8.6,4.48
78.21,0.27,11.32,2.08,0.28,0.28
72.64,0.58,11.61,3.77,2.33,0.34
77.51,0.71,11.17,3.68,0.31,0.4
77.58,0.62,11.26,2.02,0.23,0.37
66.28,0.48,14.82,6.24,0.41,0.31
77.13,0.6,10.88,2.09,0.85,0.37
66.29,0.74,13.35,6.62,2.71,0.48
65.0,0.94,12.99,8.18,3.61,0.69
78.73,0.21,10.69,2.09,0.22,0.24
76.21,0.38,12.26,2.35,0.1,0.54
77.7,0.21,11.01,2.25,0.32,0.09
73.19,0.59,12.33,3.79,0.57,0.43
71.38,0.58,12.02,4.36,2.31,0.46
71.89,0.58,12.26,3.9,1.51,0.48
74.46,0.6,11.77,2.54,1.34,0.26
76.48,0.53,11.02,1.98,1.02,0.31
77.86,0.17,10.72,2.29,0.14,0.13
77.8,0.22,11.05,1.44,0.17,0.11
76.9,0.23,10.8,2.37,0.14,0.3
78.64,0.19,11.12,0.95,0.46,0.46
79.33,0.08,11.25,1.39,0.22,0.34
73.95,0.41,12.39,4.18,0.28,0.35
70.69,0.45,12.75,4.37,0.16,0.0
72.63,0.37,11.92,5.04,0.2,0.17
76.28,0.36,11.65,2.66,0.18,0.35
75.06,0.38,12.07,2.65,0.14,0.19
72.4,0.4,12.32,4.89,0.35,0.13
73.18,0.4,12.12,5.2,0.13,0.18
73.73,0.36,11.37,4.72,0.41,0.17
50.67,3.95,13.45,11.57,8.32,6.12
51.41,3.83,13.28,11.85,9.58,4.8
50.26,2.37,13.94,11.78,11.01,6.57
51.7,4.3,13.06,12.24,8.86,4.18
51.08,3.4,13.51,11.17,9.84,6.24
51.44,3.6,13.9,11.12,9.38,5.28
50.67,2.2,14.59,11.18,11.14,6.17
68.55,1.1,13.29,4.42,2.87,1.1
71.18,0.82,12.94,3.18,1.77,0.69
71.35,0.79,13.17,2.96,1.9,0.56
68.7,0.9,13.71,4.69,2.0,1.08
69.33,0.83,13.77,4.11,0.11,0.03
75.25,0.37,12.19,2.88,0.97,0.21
72.25,0.45,12.82,3.75,0.59,0.07
71.56,0.87,12.83,3.19,1.23,0.6
65.73,1.17,12.31,5.98,3.67,2.53
71.52,0.84,13.04,2.82,1.53,0.52
72.46,0.85,12.43,3.19,1.04,0.23
72.09,1.05,11.3,4.19,1.75,0.94
63.75,1.86,11.84,7.88,4.62,2.09
70.85,1.17,11.7,5.09,2.9,1.05
42.6,2.6,9.35,15.95,10.38,14.92
49.8,3.29,10.39,12.42,9.31,10.61
51.3,3.77,11.51,11.84,7.03,7.27
48.0,3.65,12.24,14.61,10.28,6.03
48.7,3.49,11.76,14.59,10.4,5.76
50.3,4.08,12.83,12.53,8.68,4.52
49.4,3.08,12.83,14.07,10.59,6.13
47.6,3.97,11.35,15.75,9.61,5.59
47.8,3.68,11.97,14.65,10.0,6.48
46.4,4.91,11.21,15.92,9.78,5.58
47.6,3.79,13.07,14.4,10.09,5.25
48.2,3.54,12.25,14.58,10.3,6.34
48.6,3.55,12.25,15.04,9.88,5.28
47.9,3.37,12.41,14.7,10.52,6.11
50.2,1.6,14.32,11.42,11.03,7.11
49.2,1.99,14.75,10.96,10.29,8.15
49.7,1.27,14.98,10.29,12.07,8.71
49.7,1.44,19.15,7.98,12.05,5.23
49.7,1.35,14.11,10.74,11.54,9.59
49.9,1.66,14.63,10.73,11.66,8.31
44.5,5.39,12.58,15.61,10.04,6.62
49.2,2.85,12.93,14.59,9.47,5.71
47.9,3.72,12.66,16.6,8.44,4.17
47.7,3.98,12.25,16.24,8.66,5.17
49.1,2.2,14.71,11.77,11.17,6.23
49.5,2.05,13.79,12.09,11.03,6.89
49.8,2.11,13.78,12.47,11.01,7.04
49.6,2.47,14.19,12.43,11.16,6.3
52.06,2.86,13.8,11.9,8.31,4.36
50.06,3.02,13.32,13.21,8.34,4.0
49.7,3.18,13.26,13.05,8.5,4.19
48.54,3.22,13.35,13.6,8.47,4.8
49.66,3.2,13.34,13.79,8.72,4.92
51.45,1.5,13.46,12.5,9.11,4.73
52.45,2.41,12.88,13.15,7.94,4.15
49.4,3.41,13.5,13.5,8.17,4.48
52.22,2.26,13.0,12.88,7.86,4.44
49.49,3.33,13.47,13.73,8.22,4.65
49.9,3.36,13.53,13.13,8.14,4.52
50.86,2.94,12.94,12.98,8.35,4.36
50.01,2.17,13.73,11.98,10.45,6.23
48.84,3.6,12.75,11.94,10.0,6.41
49.33,0.79,20.4,8.02,11.18,5.8
46.86,1.48,15.27,9.69,11.73,9.55
46.65,1.81,15.31,11.18,9.72,9.06
48.02,1.86,16.72,11.61,8.1,5.86
48.06,1.98,17.19,12.28,7.88,5.52
47.06,1.96,17.0,12.06,7.67,5.5
46.0,1.01,13.52,9.27,12.03,12.72
45.88,1.62,16.93,11.27,9.6,7.19
45.4,1.91,16.7,11.64,9.22,6.55
46.25,1.52,14.85,10.45,11.39,10.57
45.68,1.43,15.38,10.7,11.38,10.32
44.47,1.39,16.47,10.02,11.94,8.88
45.27,2.26,16.05,12.37,8.85,7.67
44.06,1.77,14.51,10.24,10.77,10.13
43.22,1.64,15.47,9.57,9.85,9.0
45.4,1.58,16.07,10.52,11.42,9.35
44.04,1.04,14.6,9.39,13.43,11.13
49.24,3.75,12.12,15.32,9.05,5.26
50.81,3.48,12.82,12.38,8.01,6.48
48.55,2.56,14.1,13.34,9.9,6.99
48.7,1.73,14.89,11.64,11.33,7.74
49.54,4.14,11.7,16.03,8.33,4.75
49.57,4.08,11.69,15.82,8.49,4.65
49.14,4.2,11.49,16.17,8.68,4.73
49.29,3.39,12.68,14.62,9.31,5.76
47.77,2.1,14.74,12.49,10.76,7.99
51.64,2.96,13.53,11.67,7.92,5.73
48.89,2.75,15.16,11.62,10.42,6.37
48.54,2.32,16.39,10.37,10.9,7.14
46.02,2.41,14.11,14.91,9.81,7.26
68.79,1.35,13.46,4.85,1.03,2.25
66.78,1.1,11.55,6.33,3.74,3.26
75.56,0.65,12.2,2.01,0.3,0.94
73.13,0.67,12.34,2.68,1.57,1.1
74.14,0.72,11.69,2.59,1.41,1.21
75.25,0.66,11.45,2.43,1.19,0.75
77.0,0.61,11.07,1.89,0.58,0.17
73.02,0.87,12.05,3.37,1.28,1.02
51.81,3.04,13.64,12.47,8.32,4.38
50.5,1.19,14.15,11.25,10.55,6.31
49.7,3.13,13.45,13.36,8.5,4.68
47.9,1.72,17.05,11.25,11.4,4.65
56.21,0.3,20.21,3.28,1.23,0.27
46.4,2.61,15.22,9.6,11.04,7.16
56.81,0.2,19.55,3.73,1.28,0.22
45.61,2.15,11.21,11.27,11.42,11.8
46.37,2.38,13.63,9.88,10.63,9.0
45.37,2.65,13.19,10.16,12.41,8.22
45.46,2.67,13.19,10.61,11.97,7.24
57.4,0.29,19.44,3.99,1.33,0.15
42.31,2.17,10.69,11.65,13.12,13.6
76.09,0.53,11.01,2.14,1.24,0.32
79.14,0.18,10.57,1.62,0.12,0.16
51.28,3.8,14.95,8.52,11.4,4.63
54.47,1.18,14.56,10.41,8.92,5.09
54.85,1.19,14.73,10.08,8.9,4.72
51.02,2.15,14.27,11.49,11.22,5.99
50.13,2.2,14.11,11.39,10.88,7.3
49.99,2.26,14.02,11.76,10.89,6.98
50.67,2.47,14.44,11.78,10.53,5.36
51.23,2.52,14.45,11.92,10.75,4.7
52.29,2.62,13.05,14.1,8.33,4.01
51.45,3.46,13.26,11.29,9.99,5.83
51.49,3.78,13.1,11.68,9.47,5.14
50.76,3.88,13.73,11.97,8.91,5.6
51.73,3.9,13.88,10.9,8.36,5.13
69.82,0.81,13.4,4.7,1.76,0.71
70.84,0.83,12.38,4.75,1.83,0.73
71.06,0.73,13.28,4.75,1.59,0.64
70.34,0.85,12.32,4.97,1.93,0.79
69.71,0.79,14.44,4.64,1.85,0.66
68.58,0.8,15.02,5.04,1.74,0.68
70.21,0.78,11.78,4.41,1.6,0.68
71.27,0.8,13.2,3.79,1.9,0.83
49.79,3.75,13.93,14.47,7.89,4.19
49.63,3.8,13.92,14.68,8.08,4.26
50.23,3.8,14.2,13.99,8.09,4.24
50.14,3.83,14.05,14.3,8.1,4.24
50.33,3.77,14.26,13.93,8.09,4.2
50.14,3.82,14.16,14.13,8.09,4.21
50.01,3.77,14.17,14.16,8.05,4.24
49.52,3.77,14.07,14.78,7.92,4.12
49.85,3.79,14.22,14.49,7.99,4.21
50.21,3.78,13.97,14.38,7.93,4.21
49.74,3.76,14.27,14.19,7.98,4.16
47.68,0.95,12.2,12.73,8.42,13.88
48.01,0.99,12.45,12.5,8.61,13.03
49.79,1.19,15.11,10.91,10.29,8.17
49.99,1.23,14.87,11.01,11.12,7.55
50.81,1.29,15.44,10.19,10.83,6.86
51.74,1.44,14.73,10.98,9.16,6.3
52.53,1.46,14.68,10.94,9.44,6.27
53.28,2.02,13.84,13.07,7.35,4.35
58.73,1.2,15.01,8.44,7.53,3.95
55.58,1.25,15.38,10.39,8.37,3.9
63.22,1.37,13.81,7.73,4.9,2.92
62.65,1.44,14.14,7.79,5.37,2.67
67.59,1.13,14.07,5.96,3.2,1.94
59.84,1.74,13.49,11.06,4.85,1.35
60.0,1.71,13.53,10.85,4.79,1.3
68.08,0.68,14.17,7.29,2.4,0.85
68.94,0.72,14.09,6.87,2.42,0.84
69.17,0.71,14.19,6.77,2.33,0.69
69.18,0.68,14.28,6.63,2.39,0.68
49.4,1.12,14.21,11.42,10.92,9.22
49.16,1.0,16.11,11.02,9.72,8.56
48.94,0.99,16.79,11.07,9.79,8.04
48.73,1.08,16.18,11.29,9.65,8.04
49.97,1.0,15.34,11.54,9.37,7.87
51.27,1.59,13.61,12.44,9.41,6.05
51.93,1.61,13.8,12.49,9.24,5.53
51.67,1.58,14.1,12.37,9.35,5.45
51.58,1.63,14.21,12.42,9.46,5.41
51.55,2.13,13.34,13.35,8.73,5.29
53.88,1.46,14.46,10.94,8.44,5.28
51.27,1.86,14.27,12.75,9.01,5.11
55.57,1.66,13.41,11.92,6.78,4.58
55.62,1.61,13.85,11.83,6.9,3.89
56.06,1.69,13.6,12.16,6.97,3.09
50.14,1.4,14.29,11.15,11.31,7.28
50.4,1.39,14.32,11.17,11.47,6.84
52.48,1.38,14.15,10.49,10.26,6.67
50.67,1.58,15.14,11.76,8.18,6.53
54.73,1.19,14.22,9.21,9.39,6.42
50.66,1.54,13.56,12.71,10.75,6.35
56.81,1.3,14.42,9.27,8.64,4.79
50.81,1.61,15.12,11.95,7.85,6.5
52.24,2.45,12.43,13.86,7.13,4.53
51.94,1.18,19.32,8.01,11.26,4.36
45.53,1.58,13.15,13.85,9.26,11.99
49.75,1.19,14.95,11.72,10.65,7.2
49.11,1.38,15.39,12.35,10.02,7.1
47.27,0.97,15.1,11.54,10.53,9.61
48.12,1.14,16.38,11.0,10.52,8.81
48.43,0.93,16.07,11.09,10.49,8.65
47.71,1.5,15.82,13.34,8.62,7.78
47.87,1.47,17.02,12.8,8.77,6.71
45.31,1.57,13.22,13.67,9.29,11.75
45.17,1.55,13.66,13.13,9.46,11.58
47.34,1.11,15.25,11.81,10.31,9.87
47.22,1.17,14.49,11.72,11.53,9.82
47.04,1.16,14.65,11.53,11.76,9.73
47.4,1.14,15.23,11.44,12.09,8.76
46.9,1.92,14.76,13.8,8.56,8.25
48.1,1.22,15.83,10.47,12.67,7.94
46.9,1.36,16.02,13.18,9.79,7.88
47.58,1.58,16.15,12.3,8.96,7.69
48.24,1.17,15.57,11.29,12.27,7.25
48.11,1.57,16.6,12.01,8.9,7.19
47.22,1.95,16.62,13.32,8.27,6.61
47.08,2.59,16.27,14.3,8.45,5.79
47.15,2.54,16.54,13.88,8.58,5.59
47.73,2.11,16.87,13.47,8.37,4.8
48.22,1.96,17.08,13.71,8.45,4.3
42.6,3.38,8.99,16.76,9.05,13.5
46.1,4.76,11.13,15.74,9.52,5.38
49.9,1.89,14.17,11.89,11.37,7.09
45.1,0.49,19.82,9.54,10.92,10.48
52.78,0.92,13.77,11.92,7.06,6.87
48.97,1.23,14.16,13.6,9.54,6.5
50.0,0.84,15.11,10.78,9.3,7.39
51.03,2.27,12.34,17.17,6.25,3.46
45.98,0.9,14.47,11.32,11.31,8.73
48.0,1.08,13.97,12.31,7.76,6.97
47.18,1.46,14.19,13.2,9.07,6.98
47.7,1.66,13.78,12.58,6.27,6.9
49.12,1.36,14.13,12.18,6.95,7.14
44.7,1.22,15.36,9.75,9.31,6.17
47.88,2.07,13.43,17.16,6.8,5.13
50.22,1.59,14.27,14.06,8.32,5.47
49.62,1.85,15.25,13.45,5.75,4.87
50.18,1.08,14.83,12.97,9.49,3.33
45.28,1.21,15.11,12.59,6.47,3.9
49.4,1.28,17.74,9.68,9.87,5.34
48.07,2.1,14.53,12.3,7.17,6.24
55.28,0.82,16.86,5.85,6.68,4.47
53.47,1.08,14.05,6.54,6.91,7.34
47.24,1.11,15.37,12.42,4.51,8.26
68.21,0.39,14.36,4.63,1.59,1.03
48.14,0.58,15.34,10.55,7.79,8.81
48.62,0.88,14.95,11.3,10.29,6.88
48.56,1.3,14.43,13.52,7.97,5.79
47.64,1.09,14.77,12.76,10.62,6.48
46.89,2.43,13.72,12.98,7.02,6.84
62.34,0.83,15.96,5.42,4.04,1.98
48.71,0.84,15.1,11.08,10.08,7.33
47.0,2.18,13.87,13.74,9.03,5.94
63.57,0.95,13.45,8.17,1.76,2.85
68.01,0.66,13.95,4.48,6.1,0.85
49.72,1.15,14.41,13.53,8.42,5.67
52.2,1.46,17.65,8.81,2.14,3.85
70.22,0.38,12.89,0.95,4.05,0.71
50.1,0.66,16.0,9.83,11.12,8.21
60.0,0.98,17.1,6.12,6.37,4.24
60.9,1.1,15.9,7.08,6.98,3.23
78.2,0.28,10.9,3.11,0.65,1.96
52.8,1.45,13.65,13.43,7.56,5.44
51.5,0.62,12.94,12.39,10.35,9.81
65.2,0.52,18.39,2.75,2.59,1.17
46.08,1.04,14.76,11.51,10.49,7.12
53.39,1.39,16.62,9.74,6.77,4.14
50.93,1.19,18.89,8.88,5.21,5.37
64.86,0.44,14.39,4.0,4.2,0.72
48.54,1.15,17.31,11.21,7.04,5.85
71.3,0.33,8.34,3.56,5.53,1.62
59.93,0.67,13.49,4.17,7.73,1.83
60.46,0.85,14.68,7.81,4.13,4.54
67.77,0.67,13.08,4.21,4.08,2.4
60.59,0.7,14.47,6.14,5.21,3.27
61.08,0.86,17.59,5.85,5.58,2.27
70.0,0.87,17.15,3.64,2.69,1.28
69.4,0.55,12.41,5.06,0.87,2.97
48.33,0.95,15.09,12.09,9.58,6.72
60.19,0.53,15.33,4.67,4.41,1.43
63.12,0.41,14.05,3.31,3.48,1.77
66.45,0.41,14.67,2.52,2.6,1.31
45.41,0.99,16.86,13.54,8.37,7.42
50.95,1.04,15.81,10.51,8.46,6.48
55.93,0.69,17.28,6.06,2.17,4.37
62.65,0.56,16.8,5.42,1.58,2.92
58.97,0.62,14.6,7.37,5.92,5.97
57.7,1.03,15.8,7.19,5.45,4.53
60.01,0.55,16.17,5.14,4.59,4.36
48.86,0.96,18.14,11.37,6.42,5.42
73.58,0.11,11.83,1.98,1.92,1.81
53.48,1.15,13.08,8.45,4.09,6.83
69.1,0.18,11.24,3.25,2.97,2.2
46.18,1.3,13.98,12.17,9.78,5.88
49.33,1.27,14.04,11.8,7.41,5.64
69.63,0.15,11.19,3.52,2.7,1.98
41.03,1.39,17.75,15.13,9.05,6.48
51.06,1.25,15.88,10.77,10.44,4.54
73.36,0.32,13.45,1.28,4.13,0.67
62.05,0.69,16.52,6.57,4.8,2.11
74.57,0.3,13.04,1.51,2.46,1.22
50.92,1.44,15.43,12.19,11.19,5.92
55.64,1.35,14.66,9.93,11.68,3.71
59.38,1.03,14.83,7.66,8.09,4.56
67.78,0.73,14.67,4.8,2.78,2.83
74.47,0.03,16.48,1.29,0.68,2.66
51.24,1.65,15.13,11.89,10.7,4.88
55.2,1.29,15.89,10.56,9.59,4.14
61.75,1.4,12.27,11.89,7.3,1.69
65.0,1.5,12.3,9.09,4.74,1.6
77.34,0.23,11.63,1.76,1.73,0.88
51.43,1.1,16.33,10.45,10.14,6.4
54.02,1.02,16.86,10.36,8.41,5.65
59.71,1.1,16.54,7.25,5.34,4.5
63.55,0.89,15.68,5.92,5.85,2.85
81.26,0.1,10.89,0.96,1.17,0.66
78.0,0.06,11.1,1.08,1.82,1.36
75.9,0.07,12.6,0.99,2.26,0.98
52.78,0.92,13.77,11.92,7.06,6.87
48.97,1.23,14.16,13.6,9.54,6.5
50.0,0.84,15.11,10.78,9.3,7.39
51.03,2.27,12.34,17.17,6.25,3.46
45.98,0.9,14.47,11.32,11.31,8.73
48.0,1.08,13.97,12.31,7.76,6.97
47.18,1.46,14.19,13.2,9.07,6.98
47.7,1.66,13.78,12.58,6.27,6.9
49.12,1.36,14.13,12.18,6.95,7.14
44.7,1.22,15.36,9.75,9.31,6.17
47.88,2.07,13.43,17.16,6.8,5.13
50.22,1.59,14.27,14.06,8.32,5.47
49.62,1.85,15.25,13.45,5.75,4.87
50.18,1.08,14.83,12.97,9.49,3.33
45.28,1.21,15.11,12.59,6.47,3.9
49.4,1.28,17.74,9.68,9.87,5.34
48.07,2.1,14.53,12.3,7.17,6.24
55.28,0.82,16.86,5.85,6.68,4.47
53.47,1.08,14.05,6.54,6.91,7.34
47.24,1.11,15.37,12.42,4.51,8.26
68.21,0.39,14.36,4.63,1.59,1.03
48.14,0.58,15.34,10.55,7.79,8.81
48.62,0.88,14.95,11.3,10.29,6.88
48.56,1.3,14.43,13.52,7.97,5.79
47.64,1.09,14.77,12.76,10.62,6.48
46.89,2.43,13.72,12.98,7.02,6.84
62.34,0.83,15.96,5.42,4.04,1.98
48.71,0.84,15.1,11.08,10.08,7.33
47.0,2.18,13.87,13.74,9.03,5.94
63.57,0.95,13.45,8.17,1.76,2.85
68.01,0.66,13.95,4.48,6.1,0.85
49.72,1.15,14.41,13.53,8.42,5.67
52.2,1.46,17.65,8.81,2.14,3.85
70.22,0.38,12.89,0.95,4.05,0.71
50.1,0.66,16.0,9.83,11.12,8.21
60.0,0.98,17.1,6.12,6.37,4.24
60.9,1.1,15.9,7.08,6.98,3.23
78.2,0.28,10.9,3.11,0.65,1.96
52.8,1.45,13.65,13.43,7.56,5.44
51.5,0.62,12.94,12.39,10.35,9.81
65.2,0.52,18.39,2.75,2.59,1.17
46.08,1.04,14.76,11.51,10.49,7.12
53.39,1.39,16.62,9.74,6.77,4.14
50.93,1.19,18.89,8.88,5.21,5.37
64.86,0.44,14.39,4.0,4.2,0.72
48.54,1.15,17.31,11.21,7.04,5.85
71.3,0.33,8.34,3.56,5.53,1.62
59.93,0.67,13.49,4.17,7.73,1.83
60.46,0.85,14.68,7.81,4.13,4.54
67.77,0.67,13.08,4.21,4.08,2.4
60.59,0.7,14.47,6.14,5.21,3.27
61.08,0.86,17.59,5.85,5.58,2.27
70.0,0.87,17.15,3.64,2.69,1.28
69.4,0.55,12.41,5.06,0.87,2.97
48.33,0.95,15.09,12.09,9.58,6.72
60.19,0.53,15.33,4.67,4.41,1.43
63.12,0.41,14.05,3.31,3.48,1.77
66.45,0.41,14.67,2.52,2.6,1.31
45.41,0.99,16.86,13.54,8.37,7.42
50.95,1.04,15.81,10.51,8.46,6.48
55.93,0.69,17.28,6.06,2.17,4.37
62.65,0.56,16.8,5.42,1.58,2.92
58.97,0.62,14.6,7.37,5.92,5.97
57.7,1.03,15.8,7.19,5.45,4.53
60.01,0.55,16.17,5.14,4.59,4.36
48.86,0.96,18.14,11.37,6.42,5.42
73.58,0.11,11.83,1.98,1.92,1.81
53.48,1.15,13.08,8.45,4.09,6.83
69.1,0.18,11.24,3.25,2.97,2.2
46.18,1.3,13.98,12.17,9.78,5.88
49.33,1.27,14.04,11.8,7.41,5.64
69.63,0.15,11.19,3.52,2.7,1.98
41.03,1.39,17.75,15.13,9.05,6.48
51.06,1.25,15.88,10.77,10.44,4.54
73.36,0.32,13.45,1.28,4.13,0.67
62.05,0.69,16.52,6.57,4.8,2.11
74.57,0.3,13.04,1.51,2.46,1.22
50.92,1.44,15.43,12.19,11.19,5.92
55.64,1.35,14.66,9.93,11.68,3.71
59.38,1.03,14.83,7.66,8.09,4.56
67.78,0.73,14.67,4.8,2.78,2.83
74.47,0.03,16.48,1.29,0.68,2.66
51.24,1.65,15.13,11.89,10.7,4.88
55.2,1.29,15.89,10.56,9.59,4.14
61.75,1.4,12.27,11.89,7.3,1.69
65.0,1.5,12.3,9.09,4.74,1.6
77.34,0.23,11.63,1.76,1.73,0.88
51.43,1.1,16.33,10.45,10.14,6.4
54.02,1.02,16.86,10.36,8.41,5.65
59.71,1.1,16.54,7.25,5.34,4.5
63.55,0.89,15.68,5.92,5.85,2.85
81.26,0.1,10.89,0.96,1.17,0.66
78.0,0.06,11.1,1.08,1.82,1.36
75.9,0.07,12.6,0.99,2.26,0.98
